code	name
GN10104878	ハイアムズ・パーク
GN10140824	納官
GN10178646	根占川南
GN10179009	城元
GN10179702	前田
GN10254803	免田東
GN10255720	木上西
GN10263339	土居
GN10267168	須恵
GN10267209	若杉
GN10300676	南知多町
GN10310759	百合ヶ丘
GN10311179	古賀
GN10311204	宮尾台
GN10311513	猪倉
GN10352081	大行事
GN10353044	上
GN10409864	金井島
GN10412940	境
GN10629856	富士吉田市
GN10630003	徐州市
GN10630004	庄内町
GN10630007	対馬
GN10630441	大空町
GN10630449	サンシャインコースト
GN10642464	中土狩
GN10642471	伏見
GN10645302	上沢
GN10792588	チェ―サラ
GN10797122	山中
GN10859300	連雲港
GN10860988	読谷村
GN10862413	菅稲田堤
GN10862483	あざみ野
GN10865202	南大井
GN10865210	戸越
GN10865212	二葉
GN10865290	麻布十番
GN10865982	早稲田鶴巻町
GN10865987	下落合
GN10866000	大塚
GN10866024	雑司が谷
GN10866030	目白
GN10866099	上中里
GN10866150	大山東町
GN10866151	大山金井町
GN10866160	高野台
GN10866168	関町東
GN10866176	旭丘
GN10866536	井草
GN10866555	阿佐谷北
GN10866689	代々木
GN10866730	恵比寿
GN10866743	千駄ヶ谷
GN10866749	青葉台
GN10866784	自由が丘
GN10867078	井の頭
GN10878299	ひばりが丘
GN10913416	妙典
GN10913431	原木
GN10918003	船堀
GN10918009	一之江
GN10918027	平井
GN10918042	瑞江
GN10920829	堀切
GN10922478	押上
GN10924870	馬橋
GN10926134	南流山
GN10942359	宝鶏市
GN10958441	台場
GN10963038	大島
GN10963041	住吉
GN10966283	浅草橋
GN10967869	千束
GN10967873	入谷
GN10968247	荒川
GN10971146	町屋
GN10971152	中里
GN10971153	千駄木
GN10971188	湯島
GN10979195	松伏
GN10985971	蒲生
GN10987573	舎人
GN10987664	扇
GN10987749	梅島
GN10987752	竹の塚
GN10987759	六町
GN10987894	青井
GN10987897	足立
GN10988468	小菅
GN11001656	本部町
GN11010183	十条仲原
GN11010185	神谷
GN11010212	常盤台
GN11010373	野塩
GN11012851	みよし台
GN11028127	道場
GN11029762	文蔵
GN11059676	杉田
GN11071717	江戸川区
GN11079431	元名
GN11081664	みなとみらい
GN11082924	新子安
GN11103179	神河町
GN11127679	恵庭
GN11133293	本郷
GN11133426	牛込
GN11134304	河須ヶ谷
GN11140308	長富
GN11147658	島田
GN11149616	中松
GN11151271	河原
GN11154442	田上
GN11172649	沖野
GN11193762	若洲
GN11205269	南アルプス
GN11209896	湖東
GN11240939	上島
GN11241005	佐俣
GN11241735	山田
GN11274040	荒尾
GN11335421	長小田
GN11350714	御代田
GN11397285	うきは
GN11397286	長和町
GN11468270	伊賀
GN11468427	紀北町
GN11468429	桑名
GN11468431	松阪
GN11468435	南伊勢町
GN1149698	ペッチャブリー
GN1150007	トラン
GN1150490	ターク
GN1150515	スラートターニー
GN1150533	スコータイ
GN1150954	ラチャブリー
GN1150965	ラノン
GN1151074	プラジュアップキーリーカン
GN1151254	テーサバーンナコーン・プーケット
GN1151426	パヤオ
GN1151464	パンガー
GN1151933	ナコーンシータンマラート
GN1152222	メーホンソン
GN11523293	世宗
GN11524139	北杜
GN1152468	ランプーン
GN1152473	ランパーン
GN1152633	クラビー
GN1153081	カーンチャナブリー
GN1153090	カムペーンペット
GN1153269	フワヒン
GN1153557	チュムポン
GN1153669	チエンラーイ
GN1153671	チエンマイ
GN11550898	モスリーヒル
GN11611221	氷見
GN11611224	滝沢
GN11611474	東温
GN11611475	野洲
GN11611476	八女
GN11611477	大和郡山
GN11611478	大和
GN11611479	山梨
GN11611481	土佐清水
GN11611483	多久
GN11611486	高砂
GN11611487	立川
GN11611608	西都
GN11611609	相模原
GN11611610	小郡
GN11611611	小城
GN11611613	長久手
GN11611614	宗像
GN11611615	三豊
GN11611617	国立
GN11611619	八丈町
GN11611620	大島町
GN11611622	木津川
GN11611624	交野
GN11611625	日向
GN11611626	坂井
GN11611627	東広島
GN11611628	東久留米
GN11611629	羽村
GN11611632	府中
GN11611638	筑後
GN11611642	綾瀬
GN11611643	有田
GN11611646	姶良
GN11611659	あま
GN11611930	小平
GN11611932	南陽
GN11611935	加東
GN11611936	美祢
GN11611937	飛騨
GN11611938	清瀬
GN11611939	城陽
GN11611940	弥富
GN11611941	登米
GN11611942	鎌ケ谷
GN11611943	えびの
GN11611944	伊佐
GN11611946	備前
GN11611950	江田島
GN11612326	たつの
GN11612327	壱岐
GN11612328	土佐
GN11612329	都留
GN11612330	南国
GN11612331	安芸高田
GN11612333	阿波
GN11612336	甲斐
GN11612337	さくら
GN11612338	淡路
GN11612339	蕨
GN11612340	みよし
GN11612341	糸島
GN11612342	由布
GN11612343	あきる野
GN11612345	四国中央
GN11612347	習志野
GN11612454	南房総
GN11612455	大網白里
GN11612456	袖ケ浦
GN11612457	越前
GN11612459	みやま
GN11612460	宮若
GN11612472	白河
GN11612473	瑞穂
GN11612476	士別
GN11612478	加西
GN11612479	南あわじ
GN11612481	宍粟
GN11612482	丹波
GN11612537	東海
GN11612539	東かがわ
GN11612540	南九州
GN11612541	南さつま
GN11612542	曽於
GN11612553	合志
GN11612554	宇城
GN11612555	京田辺
GN11612557	京丹後
GN11612558	南丹
GN11612559	五島
GN11612560	南島原
GN11612561	西海
GN11612562	雲仙
GN11612564	赤磐
GN11612565	真庭
GN11612566	瀬戸内
GN11612571	湖南
GN11612574	美馬
GN11612576	吉野川
GN11612578	稲城
GN11612579	小金井
GN11612580	狛江
GN11612582	山陽小野田
GN11612583	周南
GN11612585	中央区
GN11612588	笛吹
GN11612589	甲州
GN11612633	雲南
GN11612682	国東
GN11612692	いちき串木野
GN11612694	浅口
GN11612700	福津
GN11612701	朝倉
GN11612707	仙北
GN11669854	スタンフォード・ヒル
GN11695435	カラムンダ
GN11747175	ネアポリ
GN11749713	千代田区
GN11776771	ニセコ
GN11776849	矢部
GN11776897	東海
GN11776907	野木
GN11776913	横瀬
GN11776961	山吹
GN11776964	上片桐
GN11777002	田野口
GN11777018	春田
GN11777028	栄
GN11777075	阿久比
GN11777085	上野間
GN11777232	小路
GN11777242	海老江
GN11777258	水無瀬
GN11777259	下山
GN11777262	王寺
GN11777267	和佐
GN11777281	中飯降
GN11777305	甘地
GN11777400	塩入
GN11777417	内子
GN11777452	引治
GN11778484	隴南市
GN11790342	世田谷
GN11790353	新宿
GN11790365	根津
GN11790367	秋葉原
GN11790369	台東
GN11790374	目黒
GN11790488	みなみ野
GN11790632	文京
GN11807473	林間
GN11807499	永田
GN11807988	小路東
GN11808021	渋谷
GN11809254	宮代
GN11809256	西所沢
GN11809770	志免
GN11836117	杉並
GN11837478	天王台
GN11837657	市川
GN11837950	阿賀野
GN11863036	シンフィン
GN11995100	巴中
GN12022722	サン・シーロ
GN12048301	カノンベリー
GN12048327	トッテナム・ヘール
GN1214026	サバン
GN1214520	メダン
GN1215502	バンダ・アチェ
GN1252738	イェオラ
GN1252822	ヤッジール
GN1252919	ワールッド
GN1252925	ワロラ
GN1252942	ワルダー
GN1252948	ワランガル
GN1253084	ヴィジャヤナガラム
GN1253102	ヴィシャーカパトナム
GN1253169	ビリアンアー
GN1253184	ヴィジャヤワーダ
GN1253200	ヴィディシャー
GN1253257	ヴェングーラ
GN1253286	ヴェールール
GN1253405	ワーラーナシー
GN1253573	ヴァドダラ
GN1253579	ヴァディパッティ
GN1253807	ウムレッド
GN1253870	ウマルガ
GN1253894	ウールハースナガル
GN1253904	ウクルル
GN1253914	ウッジャイン
GN1253952	ウドゥピ
GN1253979	ウダラ
GN1253986	ウダイプル
GN1253993	ウダカマンダラム
GN1254025	トゥルヴェケア
GN1254080	トゥムサール
GN1254163	ティルヴァナンタプラム
GN1254241	トーンク
GN1254282	トダ・ライシン
GN1254283	トダビム
GN1254327	ティルヴァンナーマライ
GN1254331	ティルヴァッルール
GN1254361	ティルネルヴェーリ
GN1254385	ティルチェンゴッデ
GN1254388	ティルチラーパッリ
GN1254589	ティルヴァールール
GN1254609	テンゾール
GN1254649	タンジャーヴール
GN1254732	テオンサール
GN1254780	タラセリー
GN1254808	ニューテヘリー
GN1255212	タカットプール
GN1255301	ススネー
GN1255364	スーラト
GN1255437	サンダーガー
GN1255482	スリア
GN1255634	シュリーナガル
GN1255647	スリカクラム
GN1255763	ソネプール
GN1255860	ソジャット
GN1255953	シヴァガンガイ
GN1256067	シローヒー
GN1256119	シナール
GN1256237	シムラ
GN1256245	シムガ
GN1256259	スィルヴァーサー
GN1256269	シロッド
GN1256363	シドラガッタ
GN1256436	ソーラープル
GN1256475	シルプール
GN1256523	シロン
GN1256593	シェオプール
GN1256814	セダム
GN1256828	セオンダ
GN1256854	センドゥワ
GN1256913	セホーレ
GN1256922	シカンダラーバード
GN1256949	サワーイー・マードープル
GN1257196	サーダナ
GN1257307	サオナー
GN1257436	サンガムナー
GN1257542	サンバルプル
GN1257599	サロン
GN1257629	セーラム
GN1257682	サクリ
GN1257804	サハルサー
GN1257908	サブルーム
GN1257928	サバルガー
GN1258044	ルールキー
GN1258078	ロール
GN1258167	リーアシ
GN1258182	リーワー
GN1258526	ラーンチー
GN1258698	ラーメーシュワラム
GN1258740	ラーマナータプラム
GN1258815	アリラジプール
GN1258847	ラージコット
GN1258980	ラーイプル
GN1259005	ライガル
GN1259064	ラエバレリ
GN1259091	コッラム
GN1259148	プシュカル
GN1259166	プールニヤー
GN1259184	プーリ
GN1259229	プネー
GN1259297	プドゥコーッタイ
GN1259385	ポートブレア
GN1259425	ポンディシェリ
GN1259429	ポンダ
GN1259592	ピピリ
GN1259784	フェック
GN1259813	ファローディ
GN1259869	パーネム
GN1259896	ペランバルール
GN1259939	ペオワ
GN1260009	パワイ
GN1260016	ポーリー
GN1260040	パットゥッコーッタイ
GN1260086	パトナ
GN1260137	パサンコトゥ
GN1260156	パタウディ
GN1260274	パロラ
GN1260607	パナジ
GN1260637	パルワル
GN1260728	パラカッド
GN1260833	パイタン
GN1260909	パドロウナ
GN1260916	パッドマプール
GN1260962	パチマリ
GN1261008	オッタパラム
GN1261012	ウスマーナーバード
GN1261033	オールチャー
GN1261045	オンゴーレ
GN1261068	オジャー
GN1261205	ノングストイン
GN1261234	ノアー
GN1261396	ニランガ
GN1261402	ニラギリ
GN1261481	ニューデリー
GN1261529	ネルール
GN1261613	ナワルガー
GN1261731	ナーシク
GN1261772	ナーナウル
GN1261800	ナーガンド
GN1261828	ナラインガー
GN1261931	ナンドゥァバール
GN1261977	ナーンデード
GN1262111	ナジャフガル
GN1262115	ナインワ
GN1262180	ナーグプル
GN1262253	ナガール
GN1262260	ナーガパッティナム
GN1262321	マイソール
GN1262330	ムザッファルプル
GN1262332	ムザッファルナガル
GN1262374	マスーリー
GN1262463	ムンナール
GN1262510	ムンドゴッド
GN1262534	ムルタイ
GN1262648	ムドゥクラス―ル
GN1262663	ムドール
GN1262664	ムドガル
GN1262771	モレナ
GN1263051	ミラック
GN1263087	マースラ
GN1263195	ミーカー
GN1263214	メーラト
GN1263230	メダック
GN1263275	マワナ
GN1263303	モウダハ
GN1263364	マトゥラー
GN1263691	マンジャンプール
GN1263780	マンガロール
GN1263814	マンディヤ
GN1263834	マンドサウル
GN1264154	マッラプラム
GN1264292	マインプリ
GN1264323	マーワ
GN1264351	マーロニ
GN1264385	マヘーシュワル
GN1264521	マドゥライ
GN1264527	チェンナイ
GN1264553	マドギリ
GN1264728	ルディアーナ
GN1264733	ラクナウ
GN1264794	ロナール
GN1264976	レー
GN1265014	ラートゥール
GN1265157	ラリットプール
GN1265491	カルヌール
GN1265591	クニガル
GN1265607	クンドゥゴル
GN1265632	クンダ
GN1265709	クール
GN1265734	クルガム・テーシル
GN1265830	ライラングプル
GN1265863	クリシュナギリ
GN1265873	カリカット
GN1265911	コッタヤム
GN1266049	コーター
GN1266051	コタ
GN1266126	コラタゲア
GN1266128	コラプート
GN1266154	コッパル
GN1266162	コパーガオン
GN1266258	コラシブ
GN1266330	コクラジハル
GN1266366	コヒマ
GN1266387	コドゥムディ
GN1266414	コダーマ
GN1266518	キンワット
GN1266616	コーダ
GN1266960	カラ―ル
GN1266975	カラグプル
GN1267016	カンナ
GN1267154	カジュラーホー
GN1267336	ケクリ
GN1267390	カバラティ
GN1267517	カトゴラ
GN1267579	カシプール
GN1267588	カスガンジ
GN1267605	カソーリ
GN1267635	カーウォー
GN1267648	カルール
GN1267911	カプールタラー
GN1267995	カーンプル
GN1268011	カナウジ
GN1268159	カーンチプラム
GN1268189	カナカプラ
GN1268215	カーンピル
GN1268593	カイサル
GN1268601	カイラナ
GN1268610	アズマリック
GN1268616	カイムガンジ
GN1268782	ジャランダル
GN1268810	ジョワイ
GN1268865	ジョドプル
GN1268875	ジョバット
GN1269042	ジャジアール
GN1269057	ジェバージ
GN1269135	ジャウンプル
GN1269217	ジャオラ
GN1269300	ジャムシェドプル
GN1269317	ジャームナガル
GN1269321	ジャンムー
GN1269507	ジャイサルメール
GN1269515	ジャイプル
GN1269633	ジャバルプル
GN1269655	イタナガル
GN1269743	インドール
GN1269771	インパール
GN1269843	ハイデラバード
GN1269936	ホスコテ
GN1269939	フーシャンガーバード
GN1269943	ホサドゥーガ
GN1269946	ホサナガラ
GN1269990	カリムポング
GN1270072	ヒンゴーリー
GN1270239	ハッサン
GN1270351	ハリドワール
GN1270396	ハウラー
GN1270448	ハンピ
GN1270482	ハリヤル
GN1270498	ハルドワニ
GN1270642	グルグラム
GN1270647	グルダースプル
GN1270668	グントゥール
GN1270711	ガナ
GN1270752	グルバルガ
GN1270824	グッビ
GN1270927	ゴーラクプル
GN1271083	ゴハッド
GN1271107	ゴッドラ
GN1271113	ゴッダ
GN1271199	シェンジ
GN1271259	ゴーシ
GN1271308	ガーズィヤーバード
GN1271361	ガーゴダ
GN1271476	グワハティ
GN1271582	ガラウサ
GN1271631	ガントク
GN1271715	ガンジナガル
GN1271834	ガディングラジ
GN1271951	ファリダバード
GN1272013	イーロードゥ
GN1272025	エランド―ル
GN1272051	エールール
GN1272175	ドゥルガプル
GN1272181	ドゥルグ
GN1272237	ダンカ
GN1272396	ドンガルガー
GN1272502	ディーウ
GN1272508	ディスプル
GN1272543	ティンドゥッカル
GN1272606	デグロー
GN1272646	ビコリム
GN1272768	ディング
GN1272832	ダラムシャーラー
GN1272847	ダルマプリ
GN1272979	ダンバード
GN1273066	デーワース
GN1273123	デーヴァナハッリ
GN1273128	デヴァコッタイ
GN1273265	デオバンド
GN1273294	デリー
GN1273313	デヘラードゥーン
GN1273491	ダルバンガー
GN1273618	ダマン
GN1273626	ダルトンガンジ
GN1273637	ダルモウ
GN1273780	カタック
GN1273802	カダルール
GN1273865	コーヤンブットゥール
GN1273874	コーチ
GN1273992	チョップダ
GN1274005	ショーリャヴァンダーン
GN1274040	チットールガル
GN1274099	チールガオン
GN1274256	チダムバラム
GN1274337	チャタルプル
GN1274383	チェイユール
GN1274406	チェラプンジ
GN1274532	チャクス
GN1274533	チャットラプール
GN1274641	チャナパットナ
GN1274642	チャンナギリ
GN1274693	チャンドラプル
GN1274746	チャンディーガル
GN1274755	チャンデーリー
GN1274770	チャンドォウリ
GN1274784	シャンデルナゴル
GN1274862	チャラケア
GN1274987	カンヌール
GN1275004	コルカタ
GN1275120	ブランドシャール
GN1275334	ボムディラ
GN1275339	ムンバイ
GN1275389	ブッダガヤ
GN1275406	ボッビリ
GN1275481	ビサルプール
GN1275601	ビローリ
GN1275701	ビジャープル
GN1275738	ビーダル
GN1275804	ブーム
GN1275812	ブジュ
GN1275817	ブバネーシュワル
GN1275841	ボパール
GN1275865	ボカール
GN1275901	ビワンディー
GN1275921	ビンガ
GN1275971	ビラーイー
GN1276032	バーヴナガル
GN1276103	バーサナ
GN1276128	バーラトプル
GN1276265	バインスデヒ
GN1276325	バッドラック
GN1276393	ベッティアー
GN1276437	ベリ
GN1276449	ベラシア
GN1276495	ベルサンド
GN1276533	ベルガウム
GN1276609	ベグサライ
GN1276783	バサヴァカリヤーン
GN1276856	バーシ
GN1276867	バーペタ
GN1276988	バーガー
GN1277005	バライリー
GN1277013	バレーリー
GN1277333	バンガロール
GN1277599	バーレーシュワル
GN1277776	バイハール
GN1277835	バハドゥガー
GN1277841	バー
GN1277897	バッグドグラ
GN1277936	バガルコート
GN1278023	ヴァダカラ
GN1278083	アーザムガル
GN1278094	アヨーディヤー
GN1278139	アウサ
GN1278149	アウランガーバード
GN1278152	アウライヤ
GN1278173	アットォー
GN1278314	アサンソル
GN1278354	アーシケア
GN1278667	アナントナッグ
GN1278685	アナンド
GN1278710	アムリトサル
GN1278758	アムロ―
GN1278808	アメット
GN1278946	アルワル
GN1278964	アロット
GN1278974	アルモーラー
GN1278994	アラハバード
GN1279027	アリバグ
GN1279068	アランド
GN1279094	アコット
GN1279159	アジュメール
GN1279186	アイザウル
GN1279233	アフマダーバード
GN1279259	アーグラ
GN1279290	アガルタラ
GN1279390	アチャルプル
GN1279715	サムドゥプツェ区
GN1279945	酒泉市
GN1280517	ナクチュ地区
GN1280737	ラサ
GN1280849	カシュガル
GN1280957	嘉峪関市
GN1281019	ホータン市
GN1281673	保山市
GN13118912	嵐山
GN13132767	鷹栖町
GN13132768	東川町
GN13132769	東神楽町
GN13132797	稲美町
GN13132798	丹波篠山市
GN13132799	丹波市
GN13132800	八千代町
GN13156691	宝達志水町
GN13156692	矢巾町
GN13156697	京丹波町
GN13156698	朝日町
GN13156699	東員町
GN13156705	南箕輪村
GN13156706	奈義町
GN13156707	里庄町
GN13156709	鳩山町
GN13156710	甲良町
GN13156711	豊郷町
GN13156712	竜王町
GN13156713	市貝町
GN13156715	松茂町
GN13156738	昭和町
GN13156739	南アルプス市
GN13192008	秋津
GN13353695	中央区
GN13353696	港区
GN13535606	ンガナム
GN13562438	ホアンマイ
GN13580315	古い町
GN1462733	アダムプール
GN1465594	マダバラム
GN1529102	ウルムチ
GN1529114	トルファン市
GN1529376	コルラ
GN1529401	カラマイ市
GN1529484	クムル市
GN1529531	敦煌市
GN1529660	アクス
GN1560038	庆永安
GN1562414	ブンタウ
GN1562538	ヴィ・タン
GN1562693	ビンロン
GN1562798	ヴィン
GN1562820	ベトトリ
GN1563281	トゥイホア
GN1563287	トゥイエンクアン
GN1563683	ホンリン
GN1563926	タンフォトラビン
GN1565022	トゥーザウモット
GN1566083	ホーチミン市
GN1566166	タインホア市
GN1566319	タイグエン
GN1566559	タイニン
GN1567069	タンアン
GN1567148	タムキー
GN1567681	ソンラ
GN1567788	ソックチャン
GN1568510	ラックザー
GN1568574	クイニョン
GN1568770	クアンガイ
GN1569684	プレイク
GN1570449	フーリー
GN1571058	ファンティエット
GN1571067	ファンラン＝タップチャム
GN1571968	ニンビン
GN1572151	ニャチャン
GN1573517	ナムディン
GN1574023	ミーソー
GN1575627	ロングズエン
GN1576303	ラオカイ
GN1576633	ラングソン
GN1577995	ラジー
GN1580142	フンイェン
GN1580240	フエ
GN1580410	ハロン市
GN1580541	ホイアン
GN1581047	ハティン
GN1581052	ハティエン
GN1581130	ハノイ
GN1581298	ハイフォン
GN1581349	ハザン市
GN1581834	ザーニャー
GN1582436	ゾンホアイ
GN1582926	ドンハー
GN1583477	ディエンビエンフー
GN1583992	ダナン
GN1584071	ダラット
GN1586151	カオラン
GN1586185	カオバン
GN1586203	カントー
GN1586360	カムファ
GN1586443	カマウ
GN1586896	ブオンマトゥオット
GN1587923	ビエンホア
GN1587976	ベントレ
GN1591449	バクニン
GN1591527	バクザン
GN1604769	ヤソトン
GN1604870	ヤラー
GN1605215	ウッタラディット
GN1605221	ウタイタニー
GN1605239	テーサバーンナコーン・ウドーンターニー
GN1605245	テーサバーンナコーン・ウボンラーチャターニー
GN1605279	トラート
GN1606030	スリン
GN1606033	スパンブリー
GN1606147	ソンクラー
GN1606239	シサケット
GN1606270	シンブリ
GN1606376	サトゥン
GN1606418	サラブリ
GN1606586	サムットソンクラム
GN1606588	サムットサーコン
GN1606590	サムットプラーカーン
GN1606790	サコンナコン
GN1606807	サケオ
GN1607001	ロイエット
GN1607017	ラヨン
GN1607280	プラチンブリ
GN1607508	プラプラデーン郡
GN1607532	テーサバーンナコーン・プラナコーンシーアユッタヤー
GN1607552	プレー
GN1607708	ピッサヌロック
GN1607725	ピチット
GN1607737	ペッチャブン
GN1607779	パッタルン
GN1607978	パッターニー
GN1607983	パトゥムターニー
GN1608133	ムアンノンタブリー
GN1608232	ノーンカーイ
GN1608269	ノーンブアラムプー
GN1608409	ナラティワート
GN1608452	ナーン
GN1608527	ナコーンサワン
GN1608529	ナコーンラーチャシーマー
GN1608531	ナコンファノム
GN1608534	ナコーンパトム
GN1608539	ナコーンナーヨック
GN1608597	ムクダハン
GN1608900	マハーサラカム
GN1609032	ロッブリー
GN1609071	ルーイ
GN1609350	バンコク
GN1609776	コンケン
GN1610469	カラシン
GN1610780	ハートヤイ郡
GN1611110	チョンブリ
GN1611269	チャンタブリ
GN1611407	チャイヤプーム
GN1611416	チャイナート
GN1611439	チャチョーンサオ県
GN1611453	ブリラム
GN1611475	ブェンカン
GN1614295	パッタヤー
GN1621020	アランヤプラテート郡
GN1621035	アングトーン
GN1621060	アムナートチャルーン
GN1621177	ジョグジャカルタ市
GN1622786	マカッサル
GN1622846	ウブド
GN1624041	テルナテ島
GN1624863	タンジュン・ピナン
GN1624917	バンダールランプン
GN1625084	タンゲラン
GN1625812	スラカルタ
GN1625822	スラバヤ
GN1626703	ソウ
GN1626932	シガラジャ
GN1627896	スマラン
GN1629001	サマリンダ
GN1630789	ポンティアナック
GN1631761	プカンバル
GN1633070	パレンバン
GN1633419	パダン
GN1635882	マタラム
GN1636308	マノクワリ
GN1636544	マナド
GN1636722	マラン
GN1639002	クタ
GN1640344	ケンダリ
GN1642911	ジャカルタ
GN1645524	デポック
GN1645528	デンパサール
GN1646170	チルボン
GN1647866	ブキティンギ
GN1648473	ボゴール
GN1648637	ビツン
GN1649378	ブカシ
GN1650357	バンドン
GN1650527	バリクパパン
GN1651531	アンボン
GN1665196	斗六市
GN1665221	永康区
GN1665491	鶯歌区
GN1665813	烏来区
GN1665892	霧峰区
GN1668341	台北
GN1668347	太保市
GN1668353	新営区
GN1668355	台南
GN1668399	台中
GN1668875	樹林区
GN1669226	石碇区
GN1669341	石門区
GN1670106	三峽区
GN1670157	三芝区
GN1670310	埔里鎮
GN1670516	坪林区
GN1670909	八徳区
GN1671467	内湖区
GN1671566	南投市
GN1672228	馬公
GN1673816	鳳山区
GN1673820	高雄市
GN1674199	宜蘭市
GN1674504	花蓮市
GN1675151	新竹市
GN1675393	汐止区
GN1676242	恒春鎮
GN1677112	竹北市
GN1678008	晋城
GN1678228	基隆市
GN1679432	サンボアンガ
GN1679980	ビガン
GN1680932	トゥグエガラオ
GN1683013	タンザ
GN1683877	タリサイ
GN1683881	タリサイ
GN1684269	タグム
GN1684553	タガイタイ
GN1684712	タクロバン
GN1685117	タバコ市
GN1685218	スリガオ
GN1685302	スミラオ
GN1688830	サン・パブロ
GN1689954	サン・フランシスコ・デル・モンテ
GN1690033	サンフェルナンド
GN1690039	サンフェルナンド
GN1692685	プエルト・プリンセサ
GN1695804	パナボ
GN1696165	パラヤン
GN1696710	パガディアン
GN1697006	オロキエタ
GN1697018	オルモック
GN1698829	ナガ
GN1701668	マニラ
GN1701966	マンダルヨン
GN1707267	ラプ＝ラプ市
GN1707404	ラオアグ
GN1708226	ラ・カルロータ
GN1708522	コロナダル
GN1710141	ホロ
GN1711084	イリガン
GN1711437	イバ
GN1713022	ジェネラル・サントス
GN1713917	エルニド
GN1714201	ドゥマゲテ
GN1714674	ディポログ
GN1715348	ダバオ
GN1715430	ダスマリニャス
GN1715542	ダピタン
GN1716526	クリオン
GN1716771	コタバト
GN1717512	セブ市
GN1717641	カヴィテ
GN1720151	カローカン
GN1720561	カラパン
GN1720681	カランバ
GN1721080	カガヤン・デ・オロ
GN1722032	カバッドバラン
GN1722186	ブトゥアン
GN1724088	ボンガオ
GN1725804	バヤワン
GN1726449	バスコ
GN1727663	バンバン
GN1728772	バイス
GN1728930	バギオ
GN1729085	バゴ
GN1732050	アグラヤン
GN1732676	クアラ・クブ・バル
GN1732752	ジョホールバル
GN1732892	ベスタリ・ジャヤ
GN1732903	シャー・アラム
GN1732905	クラン
GN1733432	コタキナバル
GN1733449	キナルト
GN1733502	ラナウ
GN1733635	クナック
GN1733697	センポルナ
GN1733782	ラブアン
GN1733953	ラハダトゥ
GN1734052	サンダカン
GN1734098	ケニンガウ
GN1734199	タワウ
GN1734577	カムンティン
GN1734586	タイピン
GN1734599	クアラカンサル
GN1734634	イポー
GN1734705	クアラトレンガヌ
GN1734759	マラッカ
GN1734797	バンギ
GN1734798	セメンイー
GN1734810	スレンバン
GN1735076	バターワース
GN1735079	ブキット・メルタジャム
GN1735086	ニボン・テバル
GN1735106	ジョージタウン
GN1735158	プタリン・ジャヤ
GN1735161	クアラルンプール
GN1735168	アンパン・ジャヤ
GN1735227	クアンタン
GN1735459	テロックインタン
GN1735634	クチン
GN1735902	シブ
GN1736278	カンガル
GN1736302	ジットラ
GN1736309	アロースター
GN1736376	コタバル
GN1736660	コタ・ブルッ
GN1736902	ベトン
GN1738050	ミリ
GN1759564	クアラ・ケチル
GN1767492	レンゴン渓谷
GN1780890	バトゥ・ブレンダム
GN1783621	遵義市
GN1783633	鄒城市
GN1783745	自貢市
GN1783763	株洲市
GN1784130	周口市
GN1784185	玉渓市
GN1784285	中衛
GN1784642	鎮江
GN1784658	鄭州市
GN1784841	昭通市
GN1784853	肇慶市
GN1784990	湛江
GN1785018	ショウ州市
GN1785036	張掖市
GN1785286	シ博市
GN1785294	安陽市
GN1785453	棗荘市
GN1785623	崑山
GN1785710	景洪
GN1785725	雲浮市
GN1785738	運城市
GN1785777	楡林
GN1785781	玉林市
GN1786112	河源市
GN1786577	鷹潭市
GN1786657	銀川市
GN1786764	宜昌市
GN1786770	宜賓市
GN1787093	煙台市
GN1787227	揚州
GN1787351	陽泉市
GN1787746	塩城市
GN1787824	徐州市
GN1787858	上饒市
GN1788534	信陽市
GN1788852	西寧市
GN1788927	ケイ台市
GN1790254	孝感市
GN1790353	咸陽市
GN1790437	珠海
GN1790471	湘郷市
GN1790492	湘潭市
GN1790587	襄陽市
GN1790630	西安市
GN1790645	廈門市
GN1790840	梧州市
GN1790923	無錫市
GN1791121	常徳
GN1791236	蕪湖市
GN1791247	武漢市
GN1791249	烏海市
GN1791388	温州市
GN1791544	文昌市
GN1791636	渭南市
GN1791673	威海市
GN1791681	イ坊市
GN1791779	万寧
GN1792947	天津市
GN1793346	唐山
GN1793511	太原
GN1793700	台山市
GN1793879	随州市
GN1793900	遂寧市
GN1795196	銅川市
GN1795270	石家荘
GN1795565	深セン市
GN1795855	紹興市
GN1795874	韶関市
GN1795928	汕尾市
GN1795940	汕頭
GN1796236	上海
GN1796556	三亜市
GN1796663	三明市
GN1796669	三門峡市
GN1797121	掲陽市
GN1797264	衢州市
GN1797318	曲靖市
GN1797333	曲阜市
GN1797353	泉州市
GN1797551	欽州市
GN1797595	秦皇島市
GN1797658	晋江市
GN1797873	淮安市
GN1797929	青島市
GN1797945	清遠市
GN1798449	ホ田
GN1798524	浦東新区
GN1798636	平遥県
GN1798654	萍郷
GN1798760	平涼市
GN1798827	平頂山市
GN1799397	寧波市
GN1799491	内江市
GN1799629	南陽市
GN1799722	南通市
GN1799846	南平市
GN1799869	南寧市
GN1799962	南京市
GN1800146	南充市
GN1800163	南昌市
GN1800627	綿陽市
GN1800779	梅州市
GN1800818	眉山市
GN1801180	茂名市
GN1801582	麻城市
GN1801640	瀘州市
GN1801722	旅順
GN1801792	洛陽市
GN1801934	ラク河市
GN1802238	婁底市
GN1802276	竜岩
GN1802656	竜崗区
GN1802940	普寧市
GN1803245	麗水市
GN1803300	柳州市
GN1803318	臨沂市
GN1803567	臨汾市
GN1803834	聊城市
GN1804153	楽山市
GN1804169	冷水江市
GN1804430	蘭州
GN1804451	漣源市
GN1804591	莱蕪市
GN1804609	来賓市
GN1804651	昆明市
GN1804879	開封市
GN1805179	九江市
GN1805518	済寧市
GN1805528	金華市
GN1805540	荊州市
GN1805611	荊門市
GN1805680	景徳鎮
GN1805733	金昌市
GN1805753	済南
GN1805953	嘉興市
GN1805987	焦作市
GN1806299	江門市
GN1806408	陽江市
GN1806466	広元市
GN1806488	瓊海
GN1806776	恵州
GN1807234	黄石市
GN1807689	懐化市
GN1807700	淮北市
GN1808198	カ沢市
GN1808370	衡陽市
GN1808392	衡水市
GN1808722	合肥市
GN1808770	鶴壁市
GN1808857	漢中市
GN1808926	杭州市
GN1808956	長治市
GN1808963	邯鄲市
GN1809078	海口市
GN1809152	固原市
GN1809461	貴陽市
GN1809498	桂林市
GN1809532	貴港市
GN1809858	広州
GN1810638	カン州
GN1810820	撫州市
GN1810821	福州市
GN1810845	阜陽市
GN1811103	仏山市
GN1812101	東営市
GN1812545	東莞市
GN1812955	徳州市
GN1812961	徳陽市
GN1813171	張家界市
GN1813253	麗江市
GN1813325	達州市
GN1814087	大連市
GN1814093	大理
GN1814757	ジョ州市
GN1814906	重慶市
GN1815286	成都市
GN1815395	潮州
GN1815456	常州市
GN1815577	長沙市
GN1816080	滄州市
GN1816234	亳州市
GN1816336	浜州市
GN1816373	畢節市
GN1816440	蚌埠市
GN1816670	北京市
GN1816705	北海市
GN1816920	邵陽市
GN1816971	保定
GN1817240	白銀
GN1817968	安順市
GN1817993	安慶市
GN1818211	榕樹湾
GN1818223	元朗墟
GN1818428	銅鑼湾
GN1818501	尖沙咀
GN1818550	調景嶺
GN1818558	天水囲
GN1818574	汀九
GN1819577	観塘
GN1819609	九龍
GN1819718	紅カン
GN1819729	香港
GN1819757	香港仔
GN1819855	火炭
GN1819894	ディスカバリー・ベイ
GN1819980	赤柱
GN1832828	梁山市
GN1832847	楊州市
GN1833747	蔚山広域市
GN1835235	大田広域市
GN1835329	大邱広域市
GN1835553	水原市
GN1835848	ソウル特別市
GN1835895	瑞山市
GN1838469	平昌郡
GN1838524	釜山広域市
GN1839652	烏山市
GN1839726	牙山市
GN1840211	論山市
GN1840536	羅州市
GN1840886	聞慶市
GN1840982	務安
GN1841149	密陽市
GN1841603	慶州市
GN1841810	広州市
GN1841811	光州廣域市
GN1842025	群山市
GN1842225	亀尾市
GN1842616	公州市
GN1842944	金泉市
GN1843082	加平郡
GN1843137	江陵市
GN1843491	益山市
GN1843564	仁川広域市
GN1843847	華城市
GN1844174	洪城
GN1845033	忠州市
GN1845136	春川市
GN1845457	全州市
GN1845604	清州市
GN1845759	天安市
GN1846052	晋州市
GN1846266	済州市
GN1846326	昌原市
GN1846912	安城市
GN1846918	安山市
GN1846986	安東市
GN1847947	新宮
GN1847963	厚木
GN1847966	明石
GN1847968	逗子
GN1847983	善通寺
GN1848004	座間
GN1848015	湯沢
GN1848016	遊佐
GN1848049	由良宿
GN1848055	下呂
GN1848057	湯尾
GN1848087	行橋
GN1848096	結城
GN1848113	湯河原町
GN1848131	湯浅
GN1848143	四辻
GN1848169	吉野町
GN1848188	吉川
GN1848210	吉田春日町
GN1848243	寄居
GN1848254	中央区
GN1848277	米子
GN1848281	与那原
GN1848305	横田
GN1848313	横須賀
GN1848354	横浜
GN1848358	横川
GN1848373	四日
GN1848375	四日市
GN1848382	八日市市
GN1848439	八幡
GN1848445	本町
GN1848447	八尾町東葛坂
GN1848482	安来町
GN1848499	八潮
GN1848518	八百津
GN1848522	八尾
GN1848550	柳井
GN1848573	柳川
GN1848593	大和高田
GN1848618	山下
GN1848633	山崎町中広瀬
GN1848667	山北
GN1848689	山口
GN1848705	山鹿
GN1848717	土佐山田町中野
GN1848764	矢掛
GN1848774	焼津
GN1848776	矢板
GN1848778	弥彦
GN1848852	養父
GN1848859	八橋
GN1848932	和木
GN1848933	脇町
GN1848935	和気
GN1848976	輪島
GN1848988	和泊
GN1849053	宇都宮
GN1849069	宇土
GN1849073	宇多津町
GN1849094	臼杵
GN1849154	牛深町
GN1849155	宇出津
GN1849183	嬉野町下宿
GN1849186	浦安市
GN1849237	魚津
GN1849299	宇美
GN1849372	宇治
GN1849407	上野原
GN1849414	上野恵美須町
GN1849424	植木町舞尾
GN1849429	上田
GN1849442	鵜殿
GN1849498	宇部
GN1849519	津山
GN1849539	津島
GN1849561	鶴崎
GN1849563	鶴岡
GN1849584	鶴来朝日町
GN1849592	敦賀
GN1849594	鶴田
GN1849621	都農町
GN1849661	津久見
GN1849675	月夜野
GN1849693	築地
GN1849706	塚脇
GN1849729	築城
GN1849733	津波
GN1849740	津川
GN1849782	津幡
GN1849788	燕
GN1849796	津市
GN1849814	豊田
GN1849815	豊洲
GN1849831	豊岡
GN1849837	豊中
GN1849845	豊川
GN1849846	豊橋市
GN1849850	豊浜
GN1849857	豊田
GN1849876	富山
GN1849892	鳥取
GN1849904	鳥栖
GN1849944	上土佐
GN1850004	土庄
GN1850034	富田林
GN1850052	鞆浦
GN1850091	富岡
GN1850093	富岡
GN1850108	豊見城
GN1850147	東京都
GN1850158	徳島
GN1850181	所沢
GN1850185	常滑
GN1850207	土岐
GN1850217	十日町
GN1850244	土肥
GN1850269	時津町
GN1850307	栃尾本町
GN1850311	栃木
GN1850345	鳥羽
GN1850396	天理
GN1850405	天王
GN1850452	天萬
GN1850498	辰野
GN1850499	龍野町富永
GN1850508	龍郷町
GN1850523	館山
GN1850559	館林
GN1850589	垂水
GN1850600	垂井町
GN1850617	多良木
GN1850621	多良
GN1850627	田主丸町豊城
GN1850630	田沼町
GN1850692	西東京市
GN1850693	田無町
GN1850707	田辺
GN1850708	田辺
GN1850732	田丸
GN1850742	玉野
GN1850745	玉名
GN1850746	玉村町
GN1850761	玉川
GN1850791	滝宮
GN1850818	武豊町
GN1850834	武雄市
GN1850860	竹原
GN1850872	武生市
GN1850892	高山
GN1850910	高槻
GN1851002	高崎
GN1851004	高坂
GN1851012	宝塚
GN1851032	高岡
GN1851045	鷹巣
GN1851047	高野町
GN1851064	高輪
GN1851068	高鍋町
GN1851079	高森
GN1851100	高松
GN1851125	高石
GN1851137	高梁
GN1851154	高浜町
GN1851155	高浜
GN1851169	高田
GN1851170	豊後高田市
GN1851176	高坊
GN1851193	多治見
GN1851259	田原
GN1851273	田川
GN1851279	多賀
GN1851282	多度津町
GN1851286	忠岡東
GN1851319	大刀洗町
GN1851329	田端
GN1851348	鈴鹿
GN1851357	須坂
GN1851368	諏訪
GN1851390	須崎
GN1851426	洲本
GN1851440	住吉
GN1851454	墨田
GN1851462	宿毛
GN1851483	吹田
GN1851494	水原
GN1851504	杉戸
GN1851532	菅浜
GN1851542	末吉町二之方
GN1851578	彼杵宿郷
GN1851604	草加
GN1851606	総社
GN1851617	添田
GN1851632	修善寺
GN1851648	宿郷
GN1851711	菖蒲
GN1851713	庄原
GN1851717	静岡市
GN1851813	白根
GN1851883	白岡
GN1851935	白浜町宇佐崎南
GN1851936	白浜町
GN1851952	塩沢
GN1852003	塩尻
GN1852046	新城
GN1852102	新市
GN1852109	新宮
GN1852139	品川区
GN1852163	下妻
GN1852198	下関
GN1852225	下関市
GN1852237	下仁田
GN1852314	下市
GN1852336	下加茂
GN1852347	下館市
GN1852357	下田
GN1852362	下渕
GN1852383	湊
GN1852385	西新湊
GN1852421	清水
GN1852472	島田
GN1852479	島原
GN1852481	志摩
GN1852502	志木
GN1852534	椎田
GN1852561	志度
GN1852576	七條
GN1852588	志布志
GN1852595	渋川
GN1852607	新発田
GN1852615	海岸
GN1852643	攝津
GN1852663	瀬戸
GN1852673	瀬高町高柳
GN1852676	梅丘
GN1852736	川内市
GN1852775	関
GN1852776	関町
GN1852788	関ケ原
GN1852795	関町古厩
GN1852831	佐用
GN1852841	佐原
GN1852849	幸手
GN1852864	里
GN1852890	佐敷
GN1852899	佐世保
GN1852901	篠山
GN1852915	篠栗
GN1852929	佐留志
GN1852932	猿橋
GN1852964	佐野
GN1852984	三条
GN1853008	三田町
GN1853066	桜井
GN1853081	佐久
GN1853127	佐川町
GN1853140	酒田
GN1853163	坂城
GN1853174	境港
GN1853190	坂出
GN1853192	境中島
GN1853193	境町
GN1853194	境
GN1853195	堺
GN1853209	坂戸
GN1853213	坂町
GN1853229	西窪
GN1853230	斎宮
GN1853237	佐伯
GN1853280	相良
GN1853303	佐賀
GN1853318	貞光
GN1853338	鯖江
GN1853354	Ryūō
GN1853356	竜舞町
GN1853371	両津湊
GN1853433	大津
GN1853483	小山
GN1853485	小山
GN1853486	大山
GN1853514	尾鷲
GN1853516	大割野
GN1853564	大月
GN1853574	大津市
GN1853662	大竹
GN1853677	太田
GN1853743	大島
GN1853909	大阪市
GN1853992	尾道
GN1854022	大野
GN1854026	小野
GN1854028	大野原
GN1854037	恩納
GN1854083	大牟田
GN1854093	大村
GN1854109	大森
GN1854162	青梅
GN1854177	大間々町大間々
GN1854186	大町
GN1854189	大町
GN1854246	大口篠原
GN1854255	大久保中
GN1854371	桶川
GN1854376	岡崎
GN1854383	岡山
GN1854384	岡谷
GN1854405	大川
GN1854444	小千谷
GN1854460	王子
GN1854487	大分市
GN1854492	大磯
GN1854530	大井
GN1854611	小国町
GN1854626	越生
GN1854629	小郡下郷
GN1854648	荻窪
GN1854665	小川町
GN1854667	緒川
GN1854691	小鹿野
GN1854703	大垣
GN1854747	小田原
GN1854774	大田市
GN1854794	越知町
GN1854798	小布施
GN1854803	大府
GN1854826	小幡
GN1854849	小浜
GN1854868	入膳
GN1854902	沼津
GN1854905	沼田
GN1854923	東野添
GN1854926	野沢
GN1854979	野々
GN1855066	直方
GN1855078	野田
GN1855087	大矢野町登立
GN1855095	延岡
GN1855131	西屋
GN1855134	西脇
GN1855153	西田原
GN1855189	西尾
GN1855203	西之表
GN1855207	西宮
GN1855215	西日暮里
GN1855224	仁科
GN1855341	西原
GN1855349	西新井
GN1855363	韮崎
GN1855380	二宮
GN1855395	日光
GN1855410	新津市
GN1855416	新見
GN1855425	新居浜
GN1855431	新潟
GN1855476	日南
GN1855540	名瀬市
GN1855580	鳴門
GN1855612	奈良
GN1855670	七尾
GN1855694	滑川
GN1855697	南部
GN1855713	今帰仁村
GN1855753	中津川
GN1855757	中津市
GN1855849	中之上
GN1855852	中之条町
GN1855863	中野
GN1855891	中村市
GN1855907	中間
GN1856035	那覇
GN1856057	名古屋市
GN1856068	名護
GN1856120	長洲
GN1856177	長崎
GN1856184	流山
GN1856199	長岡
GN1856212	長野原
GN1856215	長野
GN1856243	長浜
GN1856293	名張
GN1856367	武蔵野
GN1856392	室戸市
GN1856411	牟礼
GN1856426	村松
GN1856434	村上
GN1856456	向日
GN1856472	向粟崎
GN1856476	六日町
GN1856545	諸輪
GN1856569	守山
GN1856584	守口
GN1856586	森
GN1856667	瑞浪
GN1856698	三次
GN1856703	宮津
GN1856717	宮崎
GN1856755	宮原
GN1856775	都城
GN1856826	宮田村
GN1856828	宮田
GN1856878	見附
GN1856938	御嵩
GN1856946	三田井
GN1856977	三島
GN1857046	箕面市
GN1857062	美濃
GN1857106	湊
GN1857114	三成
GN1857117	皆野
GN1857144	南林間
GN1857201	南青山
GN1857208	水俣
GN1857209	水口町的場
GN1857219	みなべ町
GN1857238	御来屋
GN1857276	三木
GN1857334	三原
GN1857343	御船
GN1857379	壬生町
GN1857403	妻沼
GN1857450	松崎
GN1857451	松崎
GN1857519	松本
GN1857550	松江
GN1857553	松戸
GN1857558	松田惣領
GN1857560	松原
GN1857567	松原
GN1857568	松原
GN1857594	益田
GN1857651	丸岡町
GN1857659	上丸子
GN1857665	丸亀
GN1857692	真鶴
GN1857712	枕崎
GN1857751	真木
GN1857766	舞鶴
GN1857769	米原
GN1857775	馬込
GN1857843	前橋市
GN1857844	前原中央
GN1857871	町田
GN1857910	京都市
GN1858033	串本町
GN1858041	串木野市
GN1858066	草津
GN1858067	草津
GN1858088	久留米
GN1858187	黒野
GN1858283	栗橋町
GN1858286	久里浜
GN1858296	呉
GN1858301	倉吉
GN1858311	倉敷
GN1858321	蔵前
GN1858421	熊本
GN1858428	熊谷
GN1858431	熊川
GN1858445	久喜
GN1858498	下松
GN1858571	国府津
GN1858591	小坂井町
GN1858667	琴平
GN1858681	神足
GN1858729	越谷
GN1858740	小瀬田
GN1858794	鴻巣
GN1858809	木葉
GN1858836	江南
GN1858858	小諸
GN1858866	菰野
GN1858902	小松島
GN1858910	小松
GN1858926	小牧
GN1858928	駒込
GN1858944	駒場
GN1858964	国分寺
GN1858972	国分
GN1859079	久能寺
GN1859093	古河
GN1859094	古賀
GN1859100	甲府
GN1859113	児玉町児玉南
GN1859143	河内
GN1859146	高知
GN1859171	神戸市
GN1859175	小林
GN1859178	小畠
GN1859210	清須
GN1859234	杵築
GN1859307	北九州
GN1859319	喜多方
GN1859355	北方
GN1859383	岸和田
GN1859384	岸本
GN1859388	喜舎場
GN1859393	木更津
GN1859400	騎西
GN1859405	桐生
GN1859432	錦糸
GN1859462	金武
GN1859479	菊名
GN1859492	菊池
GN1859521	吉祥寺
GN1859586	加須
GN1859642	川崎
GN1859647	川崎
GN1859661	香春
GN1859675	川西
GN1859688	川南
GN1859730	川口
GN1859732	川口
GN1859740	川越
GN1859765	勝山
GN1859811	勝間田
GN1859884	春日部市
GN1859891	春日井
GN1859908	柏崎
GN1859923	柏原
GN1859924	柏
GN1859941	鹿島
GN1859951	橿原市
GN1859952	柏原
GN1859964	加世田白亀
GN1859990	笠岡
GN1859998	笠松町
GN1860026	軽井沢
GN1860034	刈谷
GN1860063	唐津
GN1860095	神埼町神埼
GN1860098	鹿沼
GN1860112	鹿屋
GN1860122	観音寺町
GN1860176	神辺町八尋
GN1860191	蟹江町
GN1860211	金古町
GN1860214	兼城
GN1860234	苅田
GN1860243	金沢
GN1860256	金谷
GN1860271	金町
GN1860321	鴨島町上下島
GN1860335	鴨方町鴨方
GN1860341	加茂
GN1860437	上連雀
GN1860458	上三川
GN1860523	上小泉
GN1860563	上市町
GN1860588	上郡
GN1860626	亀山
GN1860635	亀岡
GN1860648	亀田本町
GN1860653	蒲原
GN1860659	蒲田
GN1860672	鎌倉
GN1860704	加古川市
GN1860728	掛川
GN1860735	各務原
GN1860748	鹿嶋
GN1860750	加治木町
GN1860751	鰍沢
GN1860765	貝塚
GN1860785	海南
GN1860827	鹿児島
GN1860871	門真
GN1860875	門川町
GN1860878	嘉手納
GN1861084	出雲
GN1861095	泉大津
GN1861107	和泉
GN1861108	出水
GN1861164	岩槻
GN1861171	磐田
GN1861174	岩下
GN1861207	岩倉
GN1861212	岩国
GN1861226	岩井
GN1861244	岩出
GN1861261	五日市町
GN1861280	糸満
GN1861285	糸魚川
GN1861290	伊東
GN1861310	伊丹
GN1861321	板橋
GN1861341	磯子
GN1861393	石川
GN1861400	石井
GN1861406	石下町
GN1861416	石垣
GN1861436	伊勢崎市
GN1861449	伊勢原
GN1861450	伊勢
GN1861454	石和町
GN1861464	諫早
GN1861485	入野
GN1861528	犬山
GN1861584	いの町
GN1861586	因島市
GN1861602	稲沢
GN1861605	稲取
GN1861630	印南
GN1861641	伊那
GN1861677	伊万里町甲
GN1861699	今市市
GN1861749	生駒
GN1861772	池野
GN1861793	池田
GN1861795	池田市
GN1861799	池田町
GN1861816	鵤
GN1861835	飯塚
GN1861838	飯山
GN1861840	飯富
GN1861852	飯島
GN1861864	飯田
GN1861883	伊草
GN1861949	一宮
GN1861966	市川大門
GN1862010	指宿
GN1862033	茨木市
GN1862034	井原
GN1862136	法隆寺
GN1862198	本庄
GN1862230	本渡町本渡
GN1862302	防府
GN1862330	日和佐浦
GN1862352	人吉
GN1862358	一青
GN1862373	日田
GN1862389	久居元町
GN1862415	広島
GN1862462	平塚
GN1862471	平田町
GN1862505	平良
GN1862513	平生町
GN1862540	枚方市
GN1862555	平戸
GN1862599	日野
GN1862601	日野町
GN1862612	比美町
GN1862627	姫路
GN1862636	彦根
GN1862689	日出
GN1862752	東大阪
GN1862755	大久保
GN1862761	東日本橋
GN1862849	東安堵
GN1862912	碧南
GN1862968	林野
GN1862971	早島
GN1862992	葉山
GN1863018	廿日
GN1863023	鳩ヶ谷本町
GN1863082	橋本
GN1863146	原町田
GN1863153	原井
GN1863160	原町
GN1863164	原
GN1863173	羽生
GN1863183	飯能
GN1863198	羽田
GN1863209	半田
GN1863272	浜坂
GN1863276	浜ノ瀬
GN1863289	浜松
GN1863293	浜北市
GN1863310	浜田
GN1863341	羽咋
GN1863356	箱根ケ崎
GN1863357	箱根
GN1863398	榛原あかね台
GN1863418	萩
GN1863426	勝連南風原
GN1863431	秦野
GN1863440	八王子
GN1863451	近江八幡市
GN1863482	行田
GN1863495	具志川
GN1863521	江津
GN1863528	御殿場
GN1863531	五反田
GN1863540	五泉
GN1863541	御所
GN1863592	五條
GN1863598	五百石
GN1863611	神戸町
GN1863614	御坊
GN1863620	祇園
GN1863625	宜野座
GN1863627	宜野湾
GN1863641	岐阜
GN1863693	蒲郡
GN1863713	富津
GN1863824	飛騨
GN1863825	古川免
GN1863905	本町
GN1863917	福山
GN1863945	袋井
GN1863953	福良
GN1863967	福岡市
GN1863973	福光
GN1863978	西福間
GN1863985	福井市
GN1863997	福江町
GN1864009	福知山
GN1864025	吹上町
GN1864028	深日
GN1864031	深谷町
GN1864055	東陽
GN1864065	木場
GN1864068	越中島
GN1864092	藤沢
GN1864098	藤岡町
GN1864099	藤岡
GN1864105	富士宮
GN1864132	藤枝
GN1864134	富士
GN1864155	府中
GN1864180	塩山市
GN1864231	江古田
GN1864263	愛知川
GN1864381	田園調布
GN1864416	大東
GN1864518	調布ヶ丘
GN1864523	智頭町
GN1864549	知立
GN1864557	茅野
GN1864565	知名
GN1864572	筑紫野市
GN1864624	茅ヶ崎
GN1864637	秩父
GN1864652	北谷
GN1864655	茶花
GN1864750	別府
GN1864808	坂下
GN1864873	綾部
GN1864894	あわら
GN1864945	熱海
GN1864967	飛鳥
GN1864968	朝来
GN1864985	芦屋
GN1864986	芦屋
GN1864992	芦田
GN1865005	足利
GN1865047	浅草
GN1865090	阿佐ヶ谷
GN1865103	有田町
GN1865207	新井
GN1865209	Arai-chō
GN1865232	青戸
GN1865290	安中
GN1865294	安城市
GN1865309	阿南
GN1865312	穴水町
GN1865375	甘木
GN1865376	天城
GN1865387	尼崎
GN1865401	阿久根
GN1865412	仮屋
GN1865449	安芸
GN1865522	赤坂
GN1865526	赤連
GN1865559	赤岩
GN1865570	赤池
GN1865601	赤羽
GN1865624	阿島
GN1865661	相生
GN1865689	相原
GN1865714	上尾
GN1880252	シンガポール
GN1880668	ゲイラン
GN1884138	麗水市
GN1886760	蘇州市
GN1894616	沖縄
GN1895627	川東
GN1895636	大崎町
GN1895695	串間
GN1896348	光
GN1897122	南楊州市
GN1898046	聖籠町
GN1899102	長門
GN1907123	蓮田
GN1907125	上福岡
GN1907146	狭山
GN1907148	福生
GN1907270	上大井
GN1907299	朝霞
GN1907300	和光
GN1907301	下戸田
GN1907307	君津
GN1907309	三浦
GN1922014	武夷山市
GN1926004	和歌山
GN1926006	伊予
GN1926020	宇和島
GN1926054	西条
GN1926055	大洲
GN1926099	松山
GN1926101	松前町
GN1926105	久万
GN1926116	川之江町
GN1926134	今治
GN1926142	北条市
GN1926150	原町
GN1927639	岳陽市
GN2033196	張家口
GN2033370	営口
GN2033413	伊春市
GN2033467	延吉市
GN2034400	通遼市
GN2034414	通化市
GN2034439	鉄嶺市
GN2034655	綏化市
GN2034714	四平市
GN2034786	双鴨山市
GN2034937	瀋陽市
GN2035265	チチハル
GN2035399	松原
GN2035715	牡丹江
GN2035836	満州里
GN2036109	遼源市
GN2036113	遼陽市
GN2036389	鶏西
GN2036427	錦州市
GN2036502	吉林
GN2036581	ジャムス
GN2036597	加格達奇区
GN2036892	フフホト
GN2036973	黒河
GN2036986	鶴崗市
GN2037013	ハルビン
GN2037078	ハイラル区
GN2037346	阜新市
GN2037355	撫順市
GN2037391	豊鎮
GN2037799	大同市
GN2037860	大慶市
GN2037886	丹東市
GN2038067	赤峰市
GN2038087	承徳市
GN2038120	朝陽市
GN2038180	長春市
GN2038300	本渓
GN2038432	包頭市
GN2038569	白城市
GN2038584	白山市
GN2038632	鞍山市
GN2038800	深浦
GN2057087	クパン
GN2058430	ホイアラ
GN2062013	ソルズベリー
GN2062338	ロッキンガム
GN2062944	プロスペクト
GN2063030	ポートピリー
GN2063036	ポートリンカーン
GN2063042	ポートヘッドランド
GN2063056	ポートオーガスタ
GN2063523	パース
GN2065594	マウント・アイザ
GN2066756	メイランズ
GN2067119	マンジュラ
GN2068655	キャサリン
GN2068823	カルグーリー
GN2070998	ジェラルトン
GN2071059	ゴーラー
GN2071223	フリーマントル
GN2071860	エスペランス
GN2073124	ダーウィン
GN2075265	バッセルトン
GN2075432	バンバリー
GN2075720	ブルーム
GN2077895	アリススプリングス
GN2077963	アルバニー
GN2078025	アデレード
GN2078904	クレアモント
GN2082600	ジャヤプラ
GN2110460	湯沢
GN2110480	四街道
GN2110481	吉岡
GN2110498	米沢
GN2110506	横手
GN2110509	横芝
GN2110518	八日市場市
GN2110538	梁川町幸町
GN2110541	矢本
GN2110556	山形
GN2110560	山田
GN2110579	八街
GN2110581	谷地
GN2110583	矢吹
GN2110596	涌谷
GN2110611	和田町
GN2110629	牛久
GN2110660	祖母井
GN2110681	つくば市
GN2110729	取手
GN2110735	遠野
GN2110744	富谷市
GN2110774	東金
GN2110793	天童
GN2110837	棚倉
GN2110846	玉井
GN2110850	多古
GN2110891	高畠
GN2110893	高萩
GN2110927	多賀城
GN2110959	須賀川
GN2110991	菖蒲田浜
GN2110994	雫石
GN2110999	志津川
GN2111008	酒々井
GN2111016	白石
GN2111018	白井
GN2111049	塩竈
GN2111065	新庄
GN2111105	新町
GN2111115	四竃
GN2111140	世田米
GN2111149	仙台
GN2111173	佐原市
GN2111220	佐倉
GN2111234	坂元
GN2111248	寒河江
GN2111258	龍ケ崎
GN2111272	六郷
GN2111277	利府
GN2111301	大内
GN2111325	大田原
GN2111332	大多喜
GN2111335	太田
GN2111374	小野新町
GN2111401	女川町
GN2111429	小見川町
GN2111435	大曲
GN2111441	奥谷
GN2111471	大石田
GN2111495	大原
GN2111514	小川
GN2111530	大船渡
GN2111559	尾花沢
GN2111567	大洗町
GN2111574	沼宮内
GN2111623	西馬音内
GN2111656	二本松
GN2111669	名取
GN2111677	成東町
GN2111684	成田
GN2111749	那珂市
GN2111759	長竿
GN2111766	長崎
GN2111773	永野
GN2111781	長井
GN2111809	村田
GN2111824	本宮
GN2111827	茂木
GN2111831	守谷
GN2111834	盛岡
GN2111836	真岡
GN2111855	茂原
GN2111859	水沢市
GN2111884	宮古
GN2111886	宮宿
GN2111901	水戸
GN2111964	松島
GN2111999	益子
GN2112008	丸森
GN2112016	幕張
GN2112019	真壁町
GN2112077	黒磯市
GN2112085	栗谷沢
GN2112108	熊倉
GN2112124	神崎町
GN2112141	郡山
GN2112144	桑折町
GN2112156	小松
GN2112181	藤ケ崎
GN2112182	小牛田町
GN2112227	北上
GN2112232	北茨城
GN2112253	木原
GN2112263	気仙沼
GN2112270	検見川町
GN2112284	川崎町
GN2112297	鴨川
GN2112309	勝浦
GN2112319	香取市
GN2112326	片貝
GN2112343	笠間
GN2112345	笠石
GN2112367	金山
GN2112370	金ケ崎町
GN2112409	上山
GN2112444	釜石
GN2112454	角館町
GN2112455	角田
GN2112521	岩瀬町
GN2112527	岩沼
GN2112539	いわき
GN2112543	岩泉町
GN2112555	潮来
GN2112570	石塚
GN2112571	石岡市
GN2112576	石巻
GN2112583	石川町
GN2112642	飯坂町
GN2112656	一関
GN2112658	一宮
GN2112664	原
GN2112688	鉾田
GN2112692	保原町
GN2112694	日詰
GN2112708	日立
GN2112758	東根
GN2112768	東舘
GN2112818	塙
GN2112823	花巻
GN2112860	五城目町
GN2112899	古川市
GN2112903	船引町
GN2112913	舟石川
GN2112917	舟形
GN2112923	福島
GN2112932	布川
GN2112939	藤田
GN2112940	藤代町
GN2112959	東江見
GN2112963	江戸崎町
GN2112980	伊達
GN2112989	大子
GN2112996	銚子
GN2113001	長南
GN2113015	千葉市
GN2113053	左沢
GN2113068	浅川
GN2113077	旭
GN2113084	荒砥甲
GN2113115	阿見
GN2113126	秋田
GN2113149	安食
GN2113164	我孫子
GN2114107	大衡
GN2114134	山辺町
GN2127383	元町
GN2127398	由仁町
GN2127419	夕張
GN2127478	八雲町
GN2127515	稚内
GN2127545	歌志内
GN2127588	本町
GN2127635	本町
GN2127733	苫小牧
GN2127802	当別町
GN2127822	弟子屈
GN2127858	田代
GN2127878	むつ
GN2127896	滝川
GN2127910	鷹巣
GN2127931	大樹
GN2127955	砂川
GN2128025	静内古川町
GN2128072	白老町
GN2128074	白糠町
GN2128095	新得町
GN2128159	清水町
GN2128186	士幌
GN2128194	七戸
GN2128205	士別市
GN2128206	標津
GN2128207	標茶
GN2128215	斜里
GN2128275	猿ケ森
GN2128279	猿別
GN2128295	札幌市
GN2128303	七戸町
GN2128382	留萌
GN2128430	羅臼
GN2128536	大鰐
GN2128558	音更
GN2128574	小樽
GN2128605	長万部
GN2128645	大野村
GN2128693	大間
GN2128787	大館
GN2128802	尾駮
GN2128815	帯広
GN2128867	能代町
GN2128894	登別
GN2128896	野辺地
GN2128975	根室
GN2128983	名寄
GN2129003	本町
GN2129005	浪岡
GN2129034	中標津
GN2129038	中里
GN2129080	長沼町
GN2129101	室蘭
GN2129138	森岳
GN2129163	紋別
GN2129165	門別本町
GN2129211	三沢
GN2129218	港町
GN2129245	三笠
GN2129262	芽室南
GN2129282	福山
GN2129324	幕別町
GN2129354	葛巻町
GN2129376	釧路
GN2129395	黒石
GN2129397	栗山町
GN2129427	久慈
GN2129430	小沢
GN2129447	小清水
GN2129464	平内町
GN2129513	下木造
GN2129537	北見
GN2129646	軽米
GN2129665	蟹田
GN2129701	上湧別屯田市街地
GN2129741	上ノ国
GN2129761	上川町
GN2129766	上磯町
GN2129868	岩内町
GN2129870	岩見沢
GN2129884	板柳
GN2129909	石狩
GN2129933	今金
GN2129951	池田町
GN2129961	一戸
GN2130031	上本別
GN2130050	一川目
GN2130054	北広島
GN2130057	弘前市
GN2130061	広尾
GN2130146	花輪
GN2130166	浜中桜南
GN2130188	函館
GN2130203	八戸
GN2130215	Haboro-chō
GN2130306	富良野
GN2130332	深川
GN2130337	藤崎
GN2130364	枝幸町
GN2130365	枝幸
GN2130387	向遠軽
GN2130404	江別
GN2130421	伊達
GN2130452	千歳
GN2130518	平取町
GN2130531	美瑛町
GN2130534	美唄
GN2130603	足寄町
GN2130612	芦別
GN2130629	旭川
GN2130658	青森市
GN2130677	厚岸
GN2130705	赤平
GN2130708	鰺ヶ沢町
GN2130732	安平
GN2130741	網走
GN2131612	五所川原
GN2143103	ウッドエンド
GN2143285	ウォドンガ
GN2144502	ウォリック
GN2144528	ウォーナンブール
GN2144764	ワンガラタ
GN2145110	ウォガウォガ
GN2145796	ターラマラ
GN2146108	トラルゴン
GN2146142	タウンズビル
GN2146268	トゥーンバ
GN2147381	タリー
GN2147497	タムワース
GN2147714	シドニー
GN2147756	スワンヒル
GN2149645	シェパートン
GN2149797	セイモア
GN2151437	ロックハンプトン
GN2151650	リッチモンド
GN2152286	クイーンビアン
GN2152659	ポートマッコリー
GN2153471	ペンリス
GN2154219	オレンジ
GN2154787	ナウラ
GN2154855	ノースシドニー
GN2155135	ノーサ・ヘッズ
GN2155412	ニューポート
GN2155472	ニューカッスル
GN2155862	ナンボー
GN2156643	マウントガンビア
GN2156813	ミュニシパリティ・オブ・モスマン
GN2156825	モーウェル
GN2157243	モナ・ヴェイル
GN2157343	モウィー
GN2157698	ミルデューラ
GN2158177	メルボルン
GN2158562	メアリーバラ
GN2158626	マリックビル
GN2158651	マルブラ
GN2159045	メイトランド
GN2159220	マッカイ
GN2159851	リヴァプール
GN2160053	リスゴー
GN2160517	ローンセストン
GN2161532	キーズボロ
GN2161658	ケンプシー
GN2161776	カトゥーンバ
GN2163055	ホーシャム
GN2163137	ホーンズビー
GN2163355	ホバート
GN2164025	ハミルトン
GN2164422	グリフィス
GN2164771	グラフトン
GN2164837	ゴウルバーン
GN2164972	グンディウィンディ
GN2165087	ゴールドコースト
GN2165478	グラッドストーン
GN2165488	ギズボーン
GN2165798	ジーロング
GN2166144	フランクストン
GN2167817	エチューカ
GN2168305	ダボ
GN2168943	デボンポート
GN2169460	ダンデノング
GN2170139	カウラ
GN2171069	コーラック
GN2171085	コフス・ハーバー
GN2171507	ウロンゴン
GN2171845	セスノック
GN2171948	コーフィールド
GN2172106	キャッスルメイン
GN2172517	キャンベラ
GN2172586	キャンベルタウン
GN2172797	ケアンズ
GN2172832	カブルチャー
GN2173125	バーニー
GN2173911	ブロークンヒル
GN2174003	ブリスベン
GN2174444	ボーウェン
GN2176187	ベンディゴ
GN2176632	バサースト
GN2176947	バンクスタウン
GN2177091	バララット
GN2177394	ビクトリア州
GN2177671	アーミデイル
GN2177756	アララト
GN2178174	オルベリー
GN2179537	ウェリントン
GN2179670	ワンガヌイ
GN2181133	ティマルー
GN2181742	タウポ
GN2183472	リッチモンド
GN2184397	ポリルア市
GN2184707	ワナカ
GN2185018	パーマストンノース
GN2186239	ニュープリマス
GN2186280	ネルソン
GN2186313	ネーピア
GN2188164	ローワーハット
GN2188371	リンカーン
GN2188874	ケリケリ
GN2189028	カロリ
GN2189529	インバーカーギル
GN2189854	ホマイ
GN2190224	ヘイスティングズ
GN2190324	ハミルトン
GN2191562	ダニーデン
GN2192362	クライストチャーチ
GN2193733	オークランド
GN2205629	ニューラムトン
GN2206359	ハウェラ
GN2206854	ギズボーン
GN2206895	グレイマウス
GN2207740	タカプナ
GN2208032	タウランガ
GN2208330	ワカタネ
GN2262644	トマール
GN2262744	タヴィラ
GN2262912	シントラ
GN2262917	シーネス
GN2262963	セトゥーバル
GN2263480	サンタレン
GN2263667	サカヴェン
GN2264268	ケルシュ
GN2264508	ポルタレグレ
GN2265552	ナザレ
GN2266442	メルトラ
GN2267057	リスボン
GN2267095	レイリア
GN2267827	フンシャル
GN2268326	ファティマ
GN2268339	ファロ
GN2268406	エヴォラ
GN2268436	エストリル
GN2269514	カステロ・ブランコ
GN2269594	カスカイス
GN2270437	カルダス・ダ・ライーニャ
GN2270985	ベジャ
GN2271006	バターリャ
GN2272212	アルカセル・ド・サル
GN2272447	アブランテス
GN2463679	ケルキラ
GN2509377	サフラ
GN2509491	ビリャロブレド
GN2509553	ビジャヌエバ・デ・ラ・セレーナ
GN2509769	ベレス＝マラガ
GN2509783	ベヘール・デ・ラ・フロンテーラ
GN2509954	バレンシア
GN2510116	ウベダ
GN2510145	トルヒーリョ
GN2510253	トレビエハ
GN2510392	トメジョーソ
GN2510409	トレド
GN2510599	タリファ
GN2510693	タラベラ・デ・ラ・レイナ
GN2510821	ソーリェル
GN2510911	セビリャ
GN2511174	サンタ・クルス・デ・テネリフェ
GN2511306	サンルーカル・デ・バラメーダ
GN2511388	サン・フェルナンド
GN2511716	ロケタス・デ・マル
GN2511930	レケナ
GN2512177	プエルトリャノ
GN2512465	プラジャ・ブランカ
GN2512509	ピノス・プエンテ
GN251280	ザキントス
GN2512862	パテルナ
GN2512950	パロス・デ・ラ・フロンテーラ
GN2512989	パルマ・デ・マリョルカ
GN2513052	オスナ
GN2513076	オリウエラ
GN2513416	ムルシア
GN2513477	モトリル
GN2513759	モリナ・デ・セグラ
GN2513882	ミハス
GN2513917	メリダ
GN2513947	メリリャ
GN2514042	マスパロマス
GN2514169	マルベーリャ
GN2514256	マラガ
GN2514891	ロルカ
GN2515270	ラス・パルマス・デ・グラン・カナリア
GN2515812	ラ・リネア・デ・ラ・コンセプション
GN2516089	ラ・カルロータ
GN2516326	ヘレス・デ・ラ・フロンテーラ
GN2516395	ハエン
GN2516431	イスラ・クリスティナ
GN2516548	ウェルバ
GN2516925	グアディクス
GN2517117	グラナダ
GN2517816	エステポナ
GN2518207	エル・プエルト・デ・サンタ・マリア
GN2518494	エル・エヒド
GN2518559	エルチェ
GN2518820	ドン・ベニート
GN2518988	クエバス・デル・アルマンソーラ
GN2519217	コラレッホ
GN2519233	コリア・デル・リオ
GN2519240	コルドバ
GN2519402	シウダー・レアル
GN2519752	カステリョン・デ・ラ・プラナ
GN2520058	カルタヘナ
GN2520283	カンデラリア
GN2520493	カルビア
GN2520600	カディス
GN2520611	カセレス
GN2520726	ブニョール
GN2521088	ベニドルム
GN2521420	バダホス
GN2521665	アルコス・デ・ラ・フロンテーラ
GN2521738	アンドゥハル
GN2521847	アルムニェーカル
GN2521886	アルメリア
GN2521978	アリカンテ
GN2522013	アルヘシラス
GN2522098	アルコイ
GN2522160	アルカラ・ラ・レアル
GN2522258	アルバセテ
GN2522333	アギラス
GN2522423	アガエテ
GN2522713	ヴィットーリア
GN2522766	ヴィッラチードロ
GN2522776	ヴィボ・ヴァレンツィア
GN2522847	トロペーア
GN2522876	トラーパニ
GN2522890	トルトリ
GN2522975	タオルミーナ
GN2523083	シラクサ
GN2523113	シデルノ
GN2523192	シクリ
GN2523362	サンタ・クローチェ・カメリーナ
GN2523434	サンルーリ
GN2523578	ロッサーノ
GN2523595	ロッチェッラ・イオーニカ
GN2523630	レッジョ・ディ・カラブリア
GN2523650	ラグーザ
GN2523693	ポッツァッロ
GN2523762	ピッツォ
GN2523866	パテルノー
GN2523888	パオラ
GN2523890	パンテッレリーア
GN2523902	パルミ
GN2523920	パレルモ
GN2523922	パラッツォーロ・アクレイデ
GN2523964	オリスターノ
GN2523998	ノート
GN2524085	モンレアーレ
GN2524119	モーディカ
GN2524145	ミリテッロ・イン・ヴァル・ディ・カターニア
GN2524155	ミラッツォ
GN2524170	メッシーナ
GN2524181	メーリト・ディ・ポルト・サルヴォ
GN2524200	マッツァリーノ
GN2524245	マルサーラ
GN2524371	ロクリ
GN2524410	レンティーニ
GN2524533	イグレージアス
GN2524653	ジェーラ
GN2524661	ガンジ
GN2524704	フランコフォンテ
GN2524734	フロリーディア
GN2524819	エンナ
GN2524881	クロトーネ
GN2524907	コゼンツァ
GN2524928	コルレオーネ
GN2524929	コリリアーノ・カーラブロ
GN2524955	コーミゾ
GN2524976	チッタノーヴァ
GN2525059	カタンツァーロ
GN2525068	カターニア
GN2525083	カステルヴェトラーノ
GN2525102	カステルダッチャ
GN2525349	カルレンティーニ
GN2525362	カルボーニア
GN2525404	カニカッティーニ・バーニ
GN2525448	カルタニッセッタ
GN2525450	カルタジローネ
GN2525473	カリャリ
GN2525498	ブロンテ
GN2525567	ベルヴェデーレ・マリッティモ
GN2525643	アーヴォラ
GN2525646	アウグスタ
GN2525727	アマンテーア
GN2525764	アグリジェント
GN2525772	アクリ
GN254352	レティムノ
GN255274	ピレウス
GN255683	パトラ
GN255971	パリニ
GN256342	パパーゴー
GN256598	ネア・マクリ
GN256637	ナフプリオ
GN256866	ミティリーニ
GN257717	マラトン
GN258463	リヴァディア
GN259289	コリントス
GN260210	ケラテア
GN261249	カマテロ
GN261745	イラクリオン
GN262833	エカリ
GN2633352	ヨーク
GN2633485	レクサム
GN2633521	ワージング
GN2633563	ウスター
GN2633586	ウールトン
GN2633691	ウォルヴァーハンプトン
GN2633709	ウォキング
GN2633842	ウィンザー
GN2633851	ウィンダミア
GN2633858	ウィンチェスター
GN2633866	ウィンブルドン
GN2633948	ウィガン
GN2634112	ホワイトチャペル
GN2634135	ウィットビー
GN2634202	ウェイマス
GN2634308	ウェストン＝スーパー＝メア
GN2634375	西カービー
GN2634403	ウェスト・ハム
GN2634491	ウェスト・ブロムウィッチ
GN2634549	ウェンブリー
GN2634552	ウェリン・ガーデン・シティ
GN2634560	ウェルシュプール
GN2634569	ウェルズ
GN2634677	ワトフォード
GN2634725	ウォリック
GN2634853	ウォルソール
GN2634910	ウェイクフィールド
GN2635113	アッパー・ノーウッド
GN2635150	アップミンスター
GN2635412	トゥルーロ
GN2635524	トレハリス
GN2635547	トレデガー
GN2635607	トッテリッジ
GN2635608	トッテナム
GN2635650	トーキー
GN2635881	サーソー
GN2636174	タヴィストック
GN2636177	トーントン
GN2636389	スウィンドン
GN2636432	スウォンジ
GN2636486	サットン・コールドフィールド
GN2636531	サンダーランド
GN2636670	ストリートリー
GN2636713	ストラトフォード＝アポン＝エイヴォン
GN2636714	ストラトフォード
GN2636790	ストーノーウェイ
GN2636841	ストーク・オン・トレント
GN2636876	ストックトン＝オン＝ティーズ
GN2636882	ストックポート
GN2636910	スターリング
GN2636940	スティーブニッジ
GN2636948	ステップニー
GN2637035	スタンウェル
GN2637142	スタッフォード
GN2637221	スピタルフィールズ
GN2637241	スピーク
GN2637329	サウス・シールズ
GN2637343	サウスポート
GN2637357	サウス・ノーウッド
GN2637418	サウスゲイト
GN2637487	サウサンプトン
GN2637546	ソリフル
GN2637752	スケルマースデール
GN2638053	シェンフィールド
GN2638077	シェフィールド
GN2638187	セブノークス
GN2638324	スカンソープ
GN2638419	スカーブラ
GN2638652	ソルテア
GN2638664	ソールズベリー
GN2638671	サルフォード
GN2638778	セント・アイヴス
GN2638864	セント・アンドルーズ
GN2638867	セント・オールバンズ
GN2638978	ラグビー
GN2639091	ロザーハイズ
GN2639093	ロザラム
GN2639104	ロサイス
GN2639223	ローハンプトン
GN2639268	ロチェスター
GN2639272	ロッチデール
GN2639323	リポン
GN2639557	レディッチ
GN2639653	ランダルストウン
GN2639660	ラムズゲート
GN2639835	パットニー
GN2639896	プレストウィック
GN2639912	プレストン
GN2639926	プレスタティン
GN2639991	ポートスチュワート
GN2639996	ポーツマス
GN2639998	ポートスライド＝バイ＝シー
GN2640004	ポートラッシュ
GN2640054	ポーチコール
GN2640085	ポータダウン
GN2640101	プール
GN2640190	プライムストック・ダンストーン
GN2640192	プラインプトン・セイント・マリー
GN2640194	プリマス
GN2640349	ピーターリー
GN2640354	ピーターバラ
GN2640358	パース
GN2640377	ペンザンス
GN2640496	ペンアルス
GN2640677	ペイズリー
GN2640681	ペイントン
GN2640729	オックスフォード
GN2640967	オマー
GN2641022	オールダム
GN2641108	オーバン
GN2641157	ヌニートン
GN2641168	ノッティング・ヒル
GN2641170	ノッティンガム
GN2641181	ノリッチ
GN2641430	ノーザンプトン
GN2641555	ニュートンエイクリフ
GN2641577	スクーン
GN2641581	ニューリー
GN2641589	ニューキー
GN2641598	ニューポート
GN2641599	ニューポート
GN2641616	ニューマーケット
GN2641617	ニュー・モールデン
GN2641661	ニュー・クロス
GN2641673	ニューカッスル・アポン・タイン
GN2641689	ニューベリー
GN2641690	ニューバーン
GN2642135	マザーウェル
GN2642313	モンマス
GN2642465	ミルトン・キーンズ
GN2642607	ミドルズブラ
GN2642705	マーサー・ティドビル
GN2643044	マーゲイト
GN2643097	マンスフィールド
GN2643123	マンチェスター
GN2643179	メードストン
GN2643186	メイデンヘッド
GN2643339	ルートン
GN2643567	ラフバラー
GN264371	アテネ
GN2643736	ロンドンデリー
GN2643741	シティ・オブ・ロンドン
GN2643743	ロンドン
GN2644210	リヴァプール
GN2644411	リスバーン
GN2644444	リンリスゴー
GN2644487	リンカン
GN2644497	ライムハウス
GN2644531	リッチフィールド
GN2644559	ルイス
GN2644605	ラーウィック
GN2644668	レスター
GN2644688	リーズ
GN2644737	ロイヤル・レミントン・スパ
GN2644849	ラーン
GN2644972	ランカスター
GN2644976	ラナーク
GN2645198	カークウォール
GN2645420	キングスウィンフォード
GN2645605	キルマーノック
GN2645740	キュー
GN2645753	ケタリング
GN2645826	ケンダル
GN2646003	イズリントン
GN2646004	アイズルワース
GN2646032	アーバイン
GN2646042	イーラム
GN2646057	イプスウィッチ
GN2646088	インヴァネス
GN2646277	イルフォード
GN2646393	ハンティンドン
GN2646458	ハダースフィールド
GN2646504	ホヴ
GN2646517	ハウンズロー
GN2646686	ホリーヘッド
GN2646742	ホリンウッド
GN2646781	ホルボーン
GN2646914	ハイ・ウィカム
GN2646958	ハイゲート
GN2646976	ハイベリー
GN2647044	ハートフォード
GN2647074	ヘレフォード
GN2647138	ヘメル・ヘムステッド
GN2647178	ヘレンズバラ
GN2647278	ハワース
GN2647349	ハットフィールド
GN2647356	ヘイスティングス
GN2647400	ハートルプール
GN2647425	ハーロウ
GN2647428	ハロゲイト
GN2647461	ハーロウ
GN2647570	ハミルトン
GN2647632	ハリファクス
GN2647793	ギルフォード
GN2647878	グリムズビー
GN2647937	グリニッジ
GN2647948	グリーノック
GN2647984	グレート・ヤーマス
GN2648208	グランサム
GN2648273	ゴスフォース
GN2648404	グロスター
GN2648559	グラストンベリー
GN2648579	グラスゴー
GN2648657	ジリンガム
GN2648773	ゲーツヘッド
GN2648997	フラム
GN2649169	フォート・ウィリアム
GN2649216	フォレスト・ヒル
GN264929	アニクシ
GN2649715	ファルマス
GN2649723	フォルカーク
GN2649808	エクセター
GN2649957	エプソム
GN2649984	エニスキレン
GN2650023	イーリー
GN2650122	エルギン
GN2650225	エディンバラ
GN2650228	エッジウェア
GN2650405	イースト・キルブライド
GN2650435	イースト・グリンステッド
GN2650497	イーストボーン
GN2650549	アールズ・コート
GN2650628	ダラム
GN2650657	ダンスタブル
GN2650732	ダンファームリン
GN2650752	ダンディー
GN2650798	ダンフリーズ
GN2650802	ダンバートン
GN2650839	ダドリー
GN2651048	ドーバー
GN2651101	ドーチェスター
GN2651123	ドンカスター
GN2651133	ドナハディー
GN2651347	ダービー
GN2651513	ダーリントン
GN2651621	ダゲナム
GN2651654	クンブラン
GN2651715	カンバーノールド
GN2651817	クロイドン
GN2652002	クルー
GN2652191	コーリー
GN2652221	コヴェントリー
GN2652381	コービー
GN265245	アマリントス
GN2652618	コルチェスター
GN2652672	コックフォスターズ
GN2652676	コッカーマス
GN2652995	サイレンセスター
GN2653075	クライストチャーチ
GN2653121	チジック
GN2653192	チチェスター
GN2653225	チェスターフィールド
GN2653228	チェスター
GN2653261	チェルトナム
GN2653265	チェルシー
GN2653266	チェルムスフォード
GN2653281	チェダー
GN2653290	チードル・ヒューム
GN2653305	チャタム
GN2653414	チャッデスデン
GN2653704	カーヌスティ
GN2653755	カーマーゼン
GN2653775	カーライル
GN2653818	カーディガン
GN2653822	カーディフ
GN2653877	カンタベリー
GN2653941	ケンブリッジ
GN2654092	カーナーヴォン
GN2654187	ベリー
GN2654264	バーンリー
GN2654332	バンクラナ
GN2654675	ブリストル
GN2654710	ブライトン
GN2654755	ブリジェンド
GN2654787	ブレントフォード
GN2654993	ブラッドフォード
GN2655076	バウ
GN2655095	ボーンマス
GN2655138	ボストン
GN2655237	ボルトン
GN2655413	ブレナヴォン
GN2655438	ブラックウォール
GN2655459	ブラックプール
GN2655524	ブラックバーン
GN2655603	バーミンガム
GN2655613	バーケンヘッド
GN2655929	ベルヴェディア
GN2655984	ベルファスト
GN2656065	ベックナム
GN2656161	バトル
GN2656173	バース
GN2656192	ベイジングストーク
GN2656194	バジルドン
GN2656284	バーンズリー
GN2656295	バーネット・ロンドン特別区
GN2656333	バーキング
GN2656396	バンガー
GN2656397	バンガー
GN2656406	バンベリー
GN2656528	バリークレア
GN2656586	バレルノ
GN2656708	エア
GN2656719	アリスバーリー
GN2656759	エイヴリー
GN2657060	アーマー
GN2657255	アントリム
GN2657324	アンドーヴァー
GN2657345	アンマンフォード
GN2657438	アニック
GN2657540	アルダーショット
GN2657697	アクトン
GN2657780	アビンドン＝オン＝テムズ
GN2657782	アベリストウィス
GN2657784	アバーティレリー
GN2657812	アバゲール
GN2657832	アバディーン
GN2657844	アバーカーン
GN2657896	チューリッヒ
GN2657908	ツーク
GN2657915	ツォフィンゲン
GN2657928	ツェルマット
GN2657941	イヴェルドン・レ・バン
GN2657970	ヴィンタートゥール
GN2658143	ヴェイリエ
GN2658145	ヴヴェイ
GN2658151	ヴェルソワ
GN2658154	ヴェルニエ
GN2658216	ウスター
GN2658240	ウンターゼーン
GN2658377	トゥーン
GN2658504	シュタンス
GN2658564	ゾロトゥルン
GN2658576	シオン
GN2658606	シエール
GN2658665	シュヴィーツ
GN2658761	シャフハウゼン
GN2658786	ザルネン
GN2658822	ザンクト・ガレン
GN2659190	プラン＝レ＝ズゥアト
GN2659296	オネ
GN2659297	オルテン
GN2659357	オーベルリート
GN2659496	ヌーシャテル
GN2659587	モルジュ
GN2659601	モントルー
GN2659613	モンテー
GN2659667	メイラン
GN2659811	ルツェルン
GN2659836	ルガーノ
GN2659869	ロカルノ
GN2659891	リースタル
GN2659960	ル・ロックル
GN2659994	ローザンヌ
GN2660076	ラ・ショー＝ド＝フォン
GN2660119	ケーニッツ
GN2660127	クローテン
GN2660253	インターラーケン
GN2660365	ヘリザウ
GN2660461	グシュタード
GN2660532	ル・グラン＝サコネ
GN2660594	グラールス
GN2660646	ジュネーヴ
GN2660718	フリブール
GN2660727	フラウエンフェルト
GN2660911	エメン
GN2661035	ドレモン
GN2661039	ダボス
GN2661169	クール
GN2661191	シェヌ＝ブール
GN2661265	カルージュ
GN2661513	ビール/ビエンヌ
GN2661547	ベルネ
GN2661552	ベルン
GN2661567	ベッリンツォーナ
GN2661604	バーゼル
GN2661646	バーデン
GN2661698	アスコナ
GN2661740	アッペンツェル
GN2661780	アルトドルフ
GN2661881	アーラウ
GN2732265	ヴィセウ
GN2732438	ヴィラ・レアル
GN2732773	ヴィアナ・ドゥ・カステロ
GN2735943	ポルト
GN2737640	ミランダ・ド・ドウロ
GN2738785	グアルダ
GN2739868	エスピーニョ
GN2740637	コインブラ
GN2742027	ブラガンサ
GN2742032	ブラガ
GN2742416	バルセロス
GN2742611	アヴェイロ
GN2743477	ズヴォレ
GN2743608	ズトフェン
GN2743977	ザイスト
GN2744102	ザルトボメル
GN2744118	ザーンダム
GN2745088	ヴァーヘニンゲン
GN2745321	フォールビュルフ
GN2745641	フェンロー
GN2745726	フェヘル
GN2745912	ユトレヒト
GN2746301	ティルブルフ
GN2747063	スネーク
GN2747351	ヘルトーヘンボス
GN2747373	デン・ハーグ
GN2747599	スヘフェニンゲン
GN2747891	ロッテルダム
GN2747930	ローゼンダール
GN2748000	ルールモント
GN2748413	プルメレント
GN2749234	オス
GN2750053	ナイメーヘン
GN2750065	ネイケルク
GN2750163	ニーウ・レッケルラント
GN2750896	ミデルブルフ
GN2751283	マーストリヒト
GN2751738	レリスタット
GN2751773	ライデン
GN2751792	レーワルデン
GN2751874	ラーレン
GN2752923	ケルクラーデ
GN2753106	カンペン
GN2753638	ホールン
GN2754447	ヘルモント
GN2754692	ヘームステーデ
GN2754817	ハルリンゲン
GN2754861	ハルデンベルク
GN2755003	ハールレム
GN2755251	フローニンゲン
GN2755281	フルンロー
GN2755420	ゴーダ
GN2755434	ホルクム
GN2755476	フス
GN2755485	フーデレーデ
GN2755594	ヘネマイデン
GN2755845	フラネケル
GN2756071	エンスヘーデ
GN2756136	エメン
GN2756253	アイントホーフェン
GN2756408	エールデ
GN2756429	エーデ
GN2756431	エダム
GN2756559	ドロンテン
GN2756669	ドルトレヒト
GN2756987	デーフェンテル
GN2757220	デン・ヘルダー
GN2757345	デルフト市
GN2757991	カストリクム
GN2758401	ブレダ
GN2758682	ボルスヴァルト
GN2758831	ブレリック
GN2759145	ベルヘン・オプ・ゾーム
GN2759544	バールン
GN2759554	バールレ・ナッサウ
GN2759633	アッセン
GN2759661	アーネム
GN2759706	アペルドールン
GN2759794	アムステルダム
GN2759798	アムステルフェーン
GN2759899	アルクマール
GN2760634	ツェル・アム・ゼー
GN2760854	ヴェルグル
GN2761353	ウィーナー・ノイシュタット
GN2761369	ウィーン
GN2761524	ヴェルス
GN2762372	フィラッハ
GN2763266	トゥルン
GN2764359	シュタイアー
GN2764786	シュピッタル・アン・デア・ドラウ
GN2764958	ハル・イン・チロル
GN2765390	シュヴァーツ
GN2766155	シェアルディング
GN2766359	ザンクト・ファイト・アン・デア・グラン
GN2766429	ザンクト・ペルテン
GN2766824	ザルツブルク
GN2769105	ペルク
GN2769623	オーベルワルト
GN2770684	ノイジードル・アム・ゼー
GN2771817	マッテルスブルク
GN2772173	ルステナウ
GN2772400	リンツ
GN2772505	リエンツ
GN2772649	レオーベン
GN2772753	ライプニッツ
GN2773300	クーフシュタイン
GN2773887	クニッテルフェルト
GN2773913	クロスターノイブルク
GN2774326	クラーゲンフルト
GN2774347	キッツビュール
GN2775020	ユーデンブルク
GN2775220	インスブルック
GN2775307	イムスト
GN2775742	ホーエネムス
GN2776951	ハライン
GN2778067	グラーツ
GN2778218	ゲツィス
GN2778436	グムンデン
GN2779674	フェルトキルヒ
GN2780190	アイゼンシュタット
GN2780741	ドルンビルン
GN2781023	ドイチュランツベルク
GN2781371	ブルック・アン・デア・ムーア
GN2781503	ブレゲンツ
GN2781680	ブルーデンツ
GN2781735	ビショフスホーフェン
GN2782067	バーデン・バイ・ウィーン
GN2782555	アムシュテッテン
GN2782728	アルタッハ
GN2803515	ツヴィンゲンベルク
GN2803560	ツヴィッカウ
GN2803620	ツヴァイブリュッケン
GN2803908	ツォンス
GN2804008	ツィッタウ
GN2804297	ツィーレンベルク
GN2804642	ツェーフェン
GN2805228	ツァプフェンドルフ
GN2805385	クサンテン
GN2805497	ヴュステンロート
GN2805615	ヴュルツブルク
GN2805753	ヴッパータール
GN2805762	ヴンジーデル
GN2806142	ヴォルムス
GN2806501	ヴォルガスト
GN2806654	ヴォルフスブルク
GN2806799	ヴォルフハーゲン
GN2806852	ヴェルファースハイム
GN2807184	ヴィッツェンハウゼン
GN2807240	ヴィットリヒ
GN2807363	ヴィッテン
GN2807465	ヴィスマール
GN2807549	ヴィルゲス
GN2808101	ヴィンツバッハ
GN2808533	ヴィリングスハウゼン
GN2808544	ヴィリンゲン
GN2808619	ヴィレバートエッセン
GN2808720	ヴィルヘルムスハーフェン
GN2809025	バート・ヴィルトバート
GN2809138	ヴィースロッホ
GN2809346	ヴィースバーデン
GN2809889	ヴェッツラー
GN2809985	ヴェッター
GN2810413	ヴェスターブルク
GN2810716	ヴェルトハイム
GN2810808	ヴェルニゲローデ
GN2811292	ヴェンデルシュタイン
GN2811342	ヴェムディング
GN2811644	ヴァイターシュタット
GN2811837	ヴァイセンツルム
GN2812086	ヴァイゼンドルフ
GN2812158	ヴァインスベルク
GN2812174	ヴァインハイム
GN2812482	ヴァイマル
GN2812515	ヴァイルハイム・イン・オーバーバイエルン
GN2812636	ヴァイル・アム・ライン
GN2812655	ヴァイカースハイム
GN2813635	ヴァッテンシャイト
GN2813700	ヴァッサートリューディンゲン
GN2814055	ヴァーネミュンデ
GN2814153	ヴァールブルク
GN2814667	ヴァルデュルン
GN2814670	ヴァルドルフ
GN2814851	ヴァルトモア
GN2814853	ヴァルト＝ミヒェルバッハ
GN2814888	ヴァルトカペル
GN2815032	ヴァルトフィッシュバッハ＝ブルガルベン
GN2815101	ヴァルデック
GN2815127	ヴァルトビュッテルブルン
GN2815328	ヴァイプシュタット
GN2815565	ヴァーダーン
GN2815642	ヴェヒタースバッハ
GN2816616	フォルクマールゼン
GN2816630	フェルクリンゲン
GN2816769	フェール
GN2817105	フロートー
GN2817130	フィッセルヘーヴェデ
GN2817324	フィールンハイム
GN2817599	フェルデン
GN2817733	ファイツヘーヒハイム
GN2817909	ファレンダー
GN2818067	ユーテルゼン
GN2818094	ウスラー
GN2819479	ウンターグルッペンバッハ
GN2820256	ウルム
GN2820860	テュービンゲン
GN2821164	トリーア
GN2821336	トレンデルブルク
GN2821480	トラーヴェミュンデ
GN2821690	トラーベン＝トラーバッハ
GN2823044	タールメッシング
GN2823141	ターレ
GN2823799	タウヌスシュタイン
GN2823854	タウバービショフスハイム
GN2824806	ズルツバッハ・アム・マイン
GN2824837	ズルツバッハ
GN2824948	ズール
GN2825297	シュトゥットガルト
GN2825638	シュトルレンドルフ
GN2826082	シュトラウスベルク
GN2826287	シュトラールズント
GN2826503	シュトルツェナウ
GN2826595	シュトルベルク
GN2827166	シュタイアーベルク
GN2828871	シュタイナウ・アン・デア・シュトラーセ
GN2829145	シュテーガウラハ
GN2829701	バート・シュタッフェルシュタイン
GN2829753	シュタットオルデンドルフ
GN2829777	シュタットハーゲン
GN2829804	シュタットアレンドルフ
GN2829901	シュターデ
GN2830452	シュピーゼン＝エルヴェルスベルク
GN2830582	シュパイアー
GN2830670	シュパイヒャースドルフ
GN2830829	シュパンゲンベルク
GN2830849	シュパルト
GN2830880	ゾットルム
GN2831083	ゾントラ
GN2831239	ゾンネフェルト
GN2831250	ゾンネベルク
GN2831486	ゾルタウ
GN2831580	ゾーリンゲン
GN2831708	ゾースト
GN2831802	ジッテンゼン
GN2831852	ジンツィッヒ
GN2831872	ジンスハイム
GN2831948	ジンデルフィンゲン
GN2832495	ジーゲン
GN2832521	ジークブルク
GN2833242	ゼーリゲンシュタット
GN2833296	ゼルプ
GN2833651	ゼーロウ高地
GN2834240	シュヴェツィンゲン
GN2834282	シュヴェリーン
GN2834594	シュヴァイヒ
GN2835018	シュヴァルツェンバッハ・アン・デア・ザーレ
GN2835345	シュヴァルムシュタット
GN2835381	シュヴァルバッハ・アム・タウヌス
GN2835411	シュヴァイゲルン
GN2835481	シュヴェービッシュ・ハル
GN2836040	シュロツベルク
GN2836089	シュリースハイム
GN2836251	ショッテン
GN2836616	ショーンガウ
GN2838167	シュリュッセルフェルト
GN2838201	シュリュヒテルン
GN2838459	シュリッツ
GN2839335	シファーシュタット
GN2840070	シェーセル
GN2841039	シャーフハイム
GN2841290	ザッテルドルフ
GN2841835	ザントハウゼン
GN2842143	ザルツヘンメンドルフ
GN2842150	ザルツギッター
GN2842441	ザーベック
GN2842632	ザールルイ
GN2842644	ザールブルク
GN2842647	ザールブリュッケン
GN2842688	ザールフェルト
GN2842884	リュッセルスハイム
GN2843258	ルーラ
GN2843395	リューデスハイム・アム・ライン
GN2843724	ロッテンドルフ
GN2844056	ローテンブルク・オプ・デア・タウバー
GN2844265	ロス
GN2844567	ロート・アム・ゼー
GN2844588	ロストック
GN2844988	ローゼンハイム
GN2845131	ロスドルフ
GN2845160	ロスバッハ・フォア・デア・ヘーエ
GN2846040	ローデンベルク
GN2846158	ローダルベン
GN2846523	リンテルン
GN2846722	リムパー
GN2847080	リートリンゲン
GN2847736	ロイトリンゲン
GN2848273	レムシャイト
GN2848335	レマーゲン
GN2848543	ライスキルヒェン
GN2848762	ラインハイム
GN2848867	ライリンゲン
GN2849371	レーブルク＝ロックム
GN2849446	レーアウ
GN2849483	レーゲンスブルク
GN2849647	レックリングハウゼン
GN2849913	ラウンハイム
GN2850257	ラシュタット
GN2850425	ランシュタット
GN2850536	ラムシュタイン＝ミーゼンバッハ
GN2850887	ラーデン
GN2851465	クヴェードリンブルク
GN2851739	プラッハ・イム・イーザルタール
GN2851826	プリュム
GN2852144	プロイシシュ・オルデンドルフ
GN2852217	プレンツラウアー・ベルク
GN2852422	ペットメス
GN2852458	ポツダム
GN2852909	ポルヒ
GN2853292	プラウエン
GN2853435	プランクシュタット
GN2853574	ピルマゼンス
GN2853924	プフングシュタット
GN2853949	プフロンテン
GN2853969	プフォルツハイム
GN2854152	プフェーデルバッハ
GN2854655	ペータースハーゲン
GN2854737	ペータースアウラハ
GN2854923	ペンツベルク
GN2855025	パイティング
GN2855029	パイセンベルク
GN2855065	ペグニッツ
GN2855328	パッサウ
GN2855745	パーダーボルン
GN2855794	オイテン
GN2855917	オットヴァイラー
GN2856014	オッタースベルク
GN2856042	オッターベルク
GN2856278	オストホーフェン
GN2856637	オスターブルケン
GN2856883	オスナブリュック
GN2856930	オシャースレーベン
GN2857129	オラニエンブルク
GN2857167	オッペンハイム
GN2857185	オプラデン
GN2857458	オルデンブルク
GN2857565	エーリンゲン
GN2857752	オフタースハイム
GN2857798	オッフェンブルク
GN2857803	オッフェンバッハ・アン・デア・クヴァイヒ
GN2857847	エッティンゲン・イン・バイエルン
GN2857900	エルリングハウゼン
GN2857904	オーア＝エアケンシュヴィック
GN2857967	エートハイム
GN2858333	オクゼンフルト
GN2858763	オーベルツハウゼン
GN2858964	オーベルストドルフ
GN2859380	オーバー＝ラムシュタット
GN2859532	オーベルンキルヒェン
GN2859675	オーベルンブルク・アム・マイン
GN2859739	オーバー＝メルレン
GN2860021	オーバーコッツァウ
GN2860410	オーバーハウゼン
GN2860540	オーバーギュンツブルク
GN2861579	ヌスロッホ
GN2861650	ニュルンベルク
GN2861801	ネルフェニッヒ
GN2861814	ノルトハイム
GN2861817	ネルテン＝ハルデンベルク
GN2861914	ネルトリンゲン
GN2861973	ノルトハイム
GN2861982	ノルトハウゼン
GN2862620	ニーンブルク/ヴェーザー
GN2862675	ニーハイム
GN2862831	ニーダーシュテッテン
GN2863014	ニーダー＝オルム
GN2863685	ニーデンシュタイン
GN2863712	ニッデラウ
GN2863840	ノイヴィート
GN2863941	ノイウルム
GN2864053	ノイシュタット・バイ・コーブルク
GN2864118	ノイス
GN2864435	ノインキルヒェン
GN2864475	ノイミュンスター
GN2864577	ノイルスハイム
GN2865560	ノイエンシュタット・アム・コッハー
GN2865798	ノイエンデッテルザウ
GN2866022	ノイデナウ
GN2866070	ノイブルク・アン・デア・ドナウ
GN2866135	ノイブランデンブルク
GN2866758	ネッカーズルム
GN2866774	ネッカーゲミュント
GN2866905	ナウムブルク
GN2866906	ナウムブルク
GN2866917	ナウハイム
GN2867138	ナイラ
GN2867492	ミュンツェンベルク
GN2867543	ミュンスター
GN2867613	ハン・ミュンデン
GN2867714	ミュンヘン
GN2867726	ミュンヒベルク
GN2867985	ミュールハイム・アム・マイン
GN2868004	ミュールハウゼン
GN2868867	ムーダウ
GN2869120	モースバッハ
GN2869221	メルレンバッハ
GN2869257	モーリンゲン
GN2869746	モンタバウアー
GN2869894	メンヒェングラートバッハ
GN2869934	メムリンゲン
GN2869936	メムブリス
GN2870269	メックミュール
GN2870482	ミッテンヴァルト
GN2871039	ミンデン
GN2871079	ミルテンベルク
GN2871284	ミヒェルシュタット
GN2871609	メスキルヒ
GN2871675	メルツィヒ
GN2871813	メーリング
GN2871979	メンディヒ
GN2871992	メミンゲン
GN2872003	メンメルスドルフ
GN2872028	メルズンゲン
GN2872155	マイセン
GN2872225	マイニンゲン
GN2872486	メーアスブルク
GN2872580	メッケスハイム
GN2872649	マイエン
GN2872686	マックスドルフ
GN2872777	マウルブロン
GN2873289	マルクトレドヴィッツ
GN2873291	マルクトオーバードルフ
GN2873759	マールブルク
GN2873891	マンハイム
GN2874225	マインツ
GN2874230	マインタール
GN2874239	マインロイス
GN2874246	マインハルト
GN2874263	マインアシャッフ
GN2874545	マクデブルク
GN2875107	リューネン
GN2875115	リューネブルク
GN2875282	リュクデ
GN2875376	ルートヴィヒスハーフェン
GN2875392	ルートヴィヒスブルク
GN2875601	リューベック
GN2875626	リュベッケ
GN2875877	ロルシュ
GN2876144	ローラ
GN2876187	レーネ
GN2876282	ローフェルデン
GN2876787	リッツェンドルフ
GN2876952	リンツ・アム・ライン
GN2877088	リンゲン
GN2877315	リンデンフェルス
GN2877550	リンダウ
GN2878074	リヒテンフェルス
GN2878234	レバークーゼン
GN2878289	ロイタースハウゼン
GN2878673	レーオポルツヘーエ
GN2878943	レムゴー
GN2879139	ライプツィヒ
GN2879241	ライメン
GN2879697	レーア
GN2879929	ラウターバッハ
GN2880111	ラウフェン・アム・ネッカー
GN2880146	ラウファッハ
GN2880204	ラウデンバッハ
GN2880308	ラウバッハ
GN2880351	ラーテン
GN2880547	ラングヴェーデル
GN2880672	ラングゲンス
GN2880913	ランゲンゼルボルト
GN2881279	ランゲン
GN2881477	ラントシュトゥール
GN2881485	ランツフート
GN2881509	ランツベルク・アム・レヒ
GN2881695	ラムパートハイム
GN2881767	ランプスハイム
GN2881889	ラーンシュタイン
GN2881956	ラーゲ
GN2881980	ラーデンブルク
GN2882087	ラッツェン
GN2882265	クーゼル
GN2882399	クプファーツェル
GN2882439	キュンツェルザウ
GN2882575	キュルスハイム
GN2882588	クルムバッハ
GN2883784	クローナハ
GN2883920	クリフテル
GN2884482	クライエンゼン
GN2884509	クレフェルト
GN2885237	ケーテン
GN2885536	コルバッハ
GN2885672	コンツ
GN2885679	コンスタンツ
GN2886242	ケルン
GN2886946	コブレンツ
GN2887736	クリンゲンベルク・アム・マイン
GN2887835	クレーフェ
GN2888053	クラインヴァルシュタット
GN2888411	クラインオストハイム
GN2890420	キルヒリンテルン
GN2890425	キルヒレンゲルン
GN2890478	キルヒハイムボーランデン
GN2890504	キルヒハイン
GN2890586	キルヒェン
GN2890769	キルヒャルト
GN2891122	キール
GN2891343	ケッチュ
GN2891742	ケルスターバッハ
GN2891951	ケール
GN2892078	カウフェリング
GN2892080	カウフボイレン
GN2892485	カステラウン
GN2892518	カッセル
GN2892794	カールスルーエ
GN2892980	カルベン
GN2893438	カーメン
GN2893837	カルカー
GN2893868	カーレフェルト
GN2894003	カイザースラウテルン
GN2894245	カール・アム・マイン
GN2894702	ヨルク
GN2894897	イェファー
GN2895044	イェーナ
GN2895669	イーザーローン
GN2895992	インゴルシュタット
GN2896020	インゲルハイム・アム・ライン
GN2896021	インゲルフィンゲン
GN2896279	インメンハウゼン
GN2896468	イルフェスハイム
GN2896476	イルスホーフェン
GN2896477	イルスフェルト
GN2896514	イルメナウ
GN2896687	イガースハイム
GN2896753	イダー＝オーバーシュタイン
GN2897844	ヒュルホルスト
GN2898304	ホイエルスヴェルダ
GN2898494	ヘスバッハ
GN2899479	ホムベルク
GN2899601	ホルツミンデン
GN2900453	ホルフェルト
GN2900825	ヘール＝グレンツハウゼン
GN2902533	ホーフハイム・アム・タウヌス
GN2902559	ホーフガイスマー
GN2902768	ホーフ
GN2902852	ホッケンハイム
GN2902951	ヘーヒスト・イム・オーデンヴァルト
GN2903016	ヘーヒシュタット・アン・デア・アイシュ
GN2903175	ホーホハイム・アム・マイン
GN2903327	ヘーヒベルク
GN2903810	ヒルシャイト
GN2904638	ヒルポルトシュタイン
GN2904789	ヒルデスハイム
GN2904886	ヒデンハウゼン
GN2904992	ホイゼンシュタム
GN2905290	ヘッシシュ・オルデンドルフ
GN2905293	ヘッシシュ・リヒテナウ
GN2905457	ヘルツォーゲンアウラハ
GN2905496	ヘルツベルク・アム・ハルツ
GN2905706	ヘリーデン
GN2905878	ヘロルツベルク
GN2905881	ヘーロルツバッハ
GN2905891	ヘルネ
GN2905929	ヘルメスカイル
GN290594	ウンム・アル・カイワイン
GN2906121	ヘルフォルト
GN2906143	ヘルドルフ
GN2906175	ヘルプシュタイン
GN2906514	ヘムスバッハ
GN2906583	ヘムホーフェン
GN2906654	ヘルザ
GN2906676	ヘルムシュテット
GN2906744	ヘルムブレヒツ
GN2907488	ハイルスブロン
GN2907669	ハイルブロン
GN2907911	ハイデルベルク
GN2907983	ハイデック
GN2908032	ハイデ
GN2908398	ヘッデスハイム
GN2909313	ハースロッホ
GN2910280	ハルゼフェルト
GN2910633	ハルトハイム
GN2910663	ハルデクゼン
GN2910686	ハールブルク
GN291074	ラス・アル・ハイマ
GN2910831	ハノーファー
GN2911007	ハーナウ
GN2911240	ハム
GN2911271	ハーメルン
GN2911296	ハンブルク＝アルトナ
GN2911298	ハンブルク
GN2911463	ハルシュタット
GN2911520	ハレ
GN2911522	ハレ
GN2912621	ハーゲン
GN2912921	ハーヘンブルク
GN2913286	グックスハーゲン
GN2913555	ギュンツブルク
GN2913693	グンデルスハイム
GN2913838	ギュクリンゲン
GN2913890	グーデンスベルク
GN2914101	グリューンシュタット
GN2914801	グロース＝ツィンメルン
GN2914929	グロース＝ウムシュタット
GN2915196	グロースオストハイム
GN2915372	グロースクロッツェンブルク
GN2915511	グロースホイバッハ
GN2915613	グロース＝ゲーラウ
GN2917053	グロースアルメローデ
GN2917540	グレーヴェンブローホ
GN2917788	グライフスヴァルト
GN2917833	グレーディング
GN2917848	グレーベンシュタイン
GN2917850	グレーベンハイン
GN2918632	ゲッティンゲン
GN2918752	ゴータ
GN2918840	ゴスラー
GN2918987	ゲルリッツ
GN2919054	ゲッピンゲン
GN2919438	ゴルトバッハ
GN2919692	グナレンブルク
GN2920229	グラーデンバッハ
GN2920512	ギーセン
GN2920963	ゲロルシュタイン
GN2920994	ゲルンスハイム
GN2921034	ゲルマースハイム
GN2921165	ゲルブルン
GN2921232	ゲーラ
GN2921267	ゲオルゲンスグミュント
GN2921309	ゲンティン
GN2921449	ゲルテンドルフ
GN2921466	ゲルゼンキルヒェン
GN2921473	ゲルンハウゼン
GN2922102	ゲーストハハト
GN2922124	ゲーデルン
GN292223	ドバイ
GN2922309	ガウ＝アルゲスハイム
GN2922530	ガルミッシュ＝パルテンキルヒェン
GN2922582	ガーヒンク・バイ・ミュンヘン
GN2923325	ガイルドルフ
GN2923507	フュッセン
GN2923521	フルトヴァンゲン
GN2923544	フュルト
GN2923815	フルダタール
GN2923822	フルダ
GN2924326	フリッツラー
GN2924428	フリーレンドルフ
GN2924585	フリードリヒスハーフェン
GN2924802	フリートベルク
GN2924803	フリートベルク
GN2925034	フライジング
GN2925177	フライブルク
GN2925192	フライベルク
GN2925533	フランクフルト・アム・マイン
GN2925535	フランクフルト
GN2925629	フランケンベルク
GN2925905	フォルヒテンベルク
GN2925910	フォルヒハイム
GN2926271	フレンスブルク
GN2926304	フライン
GN292672	シャールジャ
GN2927048	フォイヒトヴァンゲン
GN2927226	フェルスベルク
GN292878	フジャイラ
GN2928810	エッセン
GN2928874	エスペルカンプ
GN2928963	エシュヴァイラー
GN2928967	エシュヴェーゲ
GN292913	アル・アイン
GN2929134	エシュボルン
GN2929224	エルツハウゼン
GN292932	アジュマーン
GN2929451	エルレンゼー
GN2929484	エアレンバッハ・アム・マイン
GN2929567	エアランゲン
GN2929670	エアフルト
GN292968	アブダビ
GN2929802	エアバッハ
GN2929817	エップシュタイン
GN2929831	エッピンゲン
GN2929837	エッパーツハウゼン
GN2929863	エッペルハイム
GN2930182	エンガー
GN2930408	バート・エントバッハ
GN2930596	エムデン
GN2930747	エルゼンフェルト
GN2931574	アイゼナハ
GN2931804	アインベック
GN2932040	アイヒヴァルデ
GN2933019	エゴルスハイム
GN2933246	エーゲルスバッハ
GN2933345	エーディンゲン＝ネッカーハウゼン
GN2933410	イデンコーベン
GN2933772	エヒツェル
GN2933882	エーベルスヴァルデ
GN2933986	エーバーマンシュタット
GN2934020	エーバーバッハ
GN2934033	エーベンスフェルト
GN2934246	デュッセルドルフ
GN2934691	デュースブルク
GN2934728	ドゥーダーシュタット
GN2934737	ドゥーデンホーフェン
GN2934915	ドロホターゼン
GN2935022	ドレスデン
GN2935220	ドライアイヒ
GN2935453	ドッセンハイム
GN2935491	デルフェルデン
GN2935517	ドルトムント
GN2936153	デーレントルプ
GN2936253	ドナウヴェルト
GN2936267	ドナウエッシンゲン
GN2936886	ディンケルスビュール
GN2937040	ディーツェンバッハ
GN2937160	ディーテンホーフェン
GN2937280	ディーアドルフ
GN2937407	ディールハイム
GN2937591	ディーブルク
GN2937936	デトモルト
GN2937959	デッサウ
GN2938323	デルメンホルスト
GN2938344	デリヒゼン
GN2938376	デーリッチュ
GN2938813	ダッセル
GN2938913	ダルムシュタット
GN2939623	ダッハウ
GN2939658	クックスハーフェン
GN2939797	クライルスハイム
GN2939811	コトブス
GN2939862	コッペンブリュッゲ
GN2939942	ケルベ
GN2939949	コッヘム
GN2939951	コーブルク
GN2940132	ケムニッツ
GN2940213	ツェレ
GN2940383	カルフ
GN2940412	カルデン
GN2940451	ブクステフーデ
GN2940512	ブッツバッハ
GN2940633	ビュッテルボルン
GN2940938	ビュルシュタット
GN2941207	ブルククンシュタット
GN2941403	ブルクエーブラハ
GN2941694	ビュンデ
GN2942073	ビューディンゲン
GN2942087	ブーデンハイム
GN2942159	ビュッケブルク
GN2942281	ブーフローエ
GN2942612	ビューヒェンバッハ
GN2942634	ブーヒェン
GN2943321	ブリュール
GN2943560	ブルッフザール
GN2943573	ブルーフケーベル
GN2944178	ブレッツフェルト
GN2944254	ブレンスバッハ
GN2944354	ブレーマーフェルデ
GN2944368	ブレーマーハーフェン
GN2944388	ブレーメン
GN2944820	ブライデンバッハ
GN2945024	ブラウンシュヴァイク
GN2945358	ブランデンブルク・アン・デア・ハーフェル
GN2945591	ブラッケンハイム
GN2945726	ボーヴェンデン
GN2945756	ボトロップ
GN2946230	ボルケン
GN2946291	ボルゲントライヒ
GN2946366	ボッパルト
GN2946447	ボン
GN2947092	ボーデンヴェルダー
GN2947133	ボーデンハイム
GN2947416	ボーフム
GN2947444	ベーブリンゲン
GN2947919	ブラウフェルデン
GN2948164	ビターフェルト
GN2948184	ビットブルク
GN2948339	ビシュベルク
GN2948351	ビルシュタイン
GN2948595	ビルケンフェルト
GN2948652	ビルケナウ
GN2948825	ビンゲン・アム・ライン
GN2948840	ビントラハ
GN2948934	ビリヒハイム
GN2949012	ビーティッヒハイム＝ビッシンゲン
GN2949186	ビーレフェルト
GN2949229	ビーデンコプフ
GN2949367	ビブリス
GN2949475	ベーヴェルンゲン
GN2949998	ベルンカステル＝クース
GN2950159	ベルリン
GN2950881	ベルヒテスガーデン
GN2950978	ベンスハイム
GN2951111	ベンドルフ
GN2951346	バイルシュタイン
GN2951556	ベーアフェルデン
GN2951679	ベッキンゲン
GN2951825	バイロイト
GN2951881	バウツェン
GN2951923	バウナタール
GN2952444	バルントルプ
GN2952973	バンメンタール
GN2952984	バンベルク
GN2953194	バイアースドルフ
GN2953315	バート・ヴィンプフェン
GN2953317	バート・ヴィルドゥンゲン
GN2953321	バート・フィルベル
GN2953336	バート・ゾーデン＝アレンドルフ
GN2953338	バート・ゾーデン＝ザルミュンスター
GN2953339	バート・ゾーデン・アム・タウヌス
GN2953358	バート・ザルツウフレン
GN2953374	バート・ラッペナウ
GN2953379	バート・ピルモント
GN2953384	バート・オルプ
GN2953386	バート・エーンハウゼン
GN2953391	バート・ノイェンアール＝アールヴァイラー
GN2953394	バート・ネンドルフ
GN2953400	バート・ミュンダー・アム・ダイスター
GN2953402	バート・メルゲントハイム
GN2953404	バート・マリーエンベルク
GN2953416	バート・クロイツナハ
GN2953418	バート・ケーゼン
GN2953419	バート・ケーニヒ
GN2953434	バート・ヘニンゲン
GN2953456	バート・ガンダースハイム
GN2953504	バーデン＝バーデン
GN2953507	バート・エムス
GN2953522	バート・デュルクハイム
GN2953525	バート・ドリーブルク
GN2953536	バート・ブライジク
GN2953549	バート・ベルクツァバン
GN2953770	バーベンハウゼン
GN2954164	アウグストドルフ
GN2954172	アウクスブルク
GN2954695	アウエ
GN2955272	アシャッフェンブルク
GN2955315	アスバッハ
GN2955421	バート・アーロルゼン
GN2955936	アンスバッハ
GN2955951	アンヴァイラー・アム・トリフェルス
GN2956093	アンガーミュンデ
GN2956206	アンダーナッハ
GN2956404	アメーネブルク
GN2956891	アルトリップ
GN2957021	アルトルスハイム
GN2957555	アルテンクンシュタット
GN2957773	アルテンブルク
GN2957864	アルテンベーケン
GN2958128	アルスフェルト
GN2958141	アルスドルフ
GN2958391	アラースベルク
GN2958438	アレンドルフ
GN2958975	アイヒャッハ
GN2959223	アーレン
GN2959343	アフィング
GN2959374	アエルツェン
GN2959508	アーデルスハイム
GN2959548	アーデレプゼン
GN2959681	アヒム
GN2959855	アーベンベルク
GN2959927	アーレン
GN2960869	ヨール
GN2960970	ウェストポート
GN2960992	ウォーターフォード
GN2961086	タラモア
GN2961099	チュアム
GN2961107	トリム
GN2961120	トラモア
GN2961123	トラリー
GN2961214	サーレス
GN2961235	テレニュア
GN2961423	スライゴ
GN2961607	サリンズ
GN2961911	ラスファーナム
GN2961960	ラセニー
GN2962019	ポートマーノック
GN2962252	ニュー・ロス
GN2962283	ニューカッスル・ウェスト
GN2962308	ナヴァン
GN2962568	モナハン
GN2962630	ミッドルトン
GN2962668	メイヌース
GN2962714	マロー
GN2962725	マラハイド
GN2962769	ラスク
GN2962785	ルーカン
GN2962800	ロッホリー
GN2962840	ロングフォード
GN2962943	リムリック
GN2963398	キルケニー
GN2963848	グレイストーンズ
GN2963962	ゴーリー
GN2964180	ゴールウェイ
GN2964303	フィングラス
GN2964320	ファーモイ
GN2964403	エニスコーシー
GN2964405	エニス
GN2964506	ダン・レアリー
GN2964540	ダンドーク
GN2964574	ダブリン
GN2964661	ドロヘダ
GN2965140	コーク
GN2965260	コーヴ
GN2965525	チャペリゾッド
GN2965535	キャバン
GN2965599	カッスルノック
GN296562	ヨズガト
GN2965654	カスルバー
GN2965694	キャリトヒル
GN2965715	カリガライン
GN2965733	カリクマクロス
GN2965882	キャビンティーリー
GN2966022	ブレイ
GN2966101	ブレッシントン
GN2966110	ブランチャーズタウン
GN2966370	バンドン
GN2966753	バリナスロー
GN2966778	バリナー
GN2966793	バルドイル
GN2966794	バルブリガン
GN2967108	ブライ
GN2967203	イッサンジョー
GN2967325	ヴィサンブール
GN2967421	ワットルロー
GN2967758	ヴォワロン
GN2967845	ヴィッテル
GN2967849	ヴィトリー＝シュル＝セーヌ
GN2967879	ヴィトレ
GN2967917	ヴィリー＝シャティヨン
GN2967934	ヴィロフレー
GN2967972	ヴィール
GN2968054	ヴァンセンヌ
GN2968142	ヴィリエ＝シュル＝マルヌ
GN2968176	ヴィリエ＝ル＝ベル
GN2968254	ヴィルールバンヌ
GN2968515	ヴィルヌーヴ＝シュル＝ロット
GN2968529	ヴィルヌーヴ＝サン＝ジョルジュ
GN2968533	ヴィルヌーヴ＝ルベ
GN2968536	ヴィルヌーヴ＝レ＝マグローヌ
GN2968545	ヴィルヌーヴ＝レザヴィニョン
GN2968546	ヴィルヌーヴ＝ル＝ロワ
GN2968555	ヴィルヌーヴ＝ラ＝ガレンヌ
GN2968653	ヴィルモンブル
GN2968705	ヴィルジュイフ
GN2968748	ヴィルフランシュ＝シュル＝ソーヌ
GN2968749	ヴィルフランシュ＝シュル＝メール
GN2968755	ヴィルフランシュ＝ド＝ルエルグ
GN2969109	ヴィニュー＝シュル＝セーヌ
GN2969257	ヴィエルゾン
GN2969392	ヴィシー
GN2969562	ヴズール
GN2969612	ヴェルトゥ
GN2969679	ヴェルサイユ
GN2969958	ヴェルダン
GN2970072	ヴェニシュー
GN2970110	ヴァンドーム
GN2970148	ヴァンス
GN2970203	ヴェリジー＝ヴィラクブレー
GN2970456	ヴォー＝アン＝ヴラン
GN2970540	ヴォークレソン
GN2970761	ヴァンヴ
GN2970777	ヴァンヌ
GN2970797	ヴァンドゥーヴル＝レ＝ナンシー
GN2970838	ヴァルレアス
GN2970962	ヴァロリス
GN2971041	ヴァランシエンヌ
GN2971053	ヴァランス
GN2971072	ヴァルドワ
GN2971154	ヴェゾン＝ラ＝ロメーヌ
GN2971258	ユゼス
GN2971482	チュール
GN2971549	トロワ
GN2971555	トルヴィル＝シュル＝メール
GN2971689	トリール＝シュル＝セーヌ
GN2971874	トランブレ＝アン＝フランス
GN2971926	トレガン
GN2972049	トラップ
GN2972191	トゥール
GN2972203	トゥールニュ
GN2972214	トゥルノン＝シュル＝ローヌ
GN2972237	トゥルヌフイユ
GN2972284	トゥールコワン
GN2972315	トゥールーズ
GN2972328	トゥーロン
GN2972350	トゥール
GN2972742	トノン＝レ＝バン
GN2972811	ティオンヴィル
GN2972893	ティエ
GN2973258	タヴェルニー
GN2973385	タルブ
GN2973393	タラスコン
GN2973495	タランス
GN2973675	シュレンヌ
GN2973703	シュリー＝シュル＝ロワール
GN2973745	シュシー＝アン＝ブリ
GN2973783	ストラスブール
GN2973841	スタン
GN2974153	ソットヴィル＝レ＝ルーアン
GN2974389	ソワソン
GN2974427	シス＝フール＝レ＝プラージュ
GN2974446	シストロン
GN2974678	セーヴル
GN2974681	スヴラン
GN2974733	セット
GN2975233	セレスタ
GN2975314	スグレ
GN2975349	スダン
GN2975361	スクラン
GN2975446	シルティカイム
GN2975525	サヴィニー＝シュル＝オルジュ
GN2975536	サヴィニー＝ル＝タンプル
GN2975588	サヴェルヌ
GN2975597	サヴネ
GN2975758	ソミュール
GN2975921	サルトルーヴィル
GN2975964	サルグミーヌ
GN2975967	サールブール
GN2976007	サルラ＝ラ＝カネダ
GN2976043	サルセル
GN2976179	サノワ
GN2976341	サロン＝ド＝プロヴァンス
GN2976600	サン＝ヴァンサン＝ド＝ティロス
GN2976742	サントロペ
GN2976984	サン＝セバスティアン＝シュル＝ロワール
GN2977189	サン＝ルナン
GN2977197	サン＝レミ＝レ＝シュヴルーズ
GN2977214	サン＝レミ＝ド＝プロヴァンス
GN2977277	サン＝カンタン＝ファラヴィエ
GN2977365	サン＝プルサン＝シュル＝シウール
GN2977390	サン＝ポル＝ド＝レオン
GN2977602	サン＝フィルベール＝ド＝グラン＝リュー
GN2977800	サン＝トゥアン＝ロモヌ
GN2977921	サン＝ナゼール
GN2977952	サン＝ミシェル＝シュル＝オルジュ
GN2978072	サン＝メダール＝アン＝ジャル
GN2978100	サン＝マクシマン＝ラ＝サント＝ボーム
GN2978179	サン＝モール＝デ＝フォッセ
GN2978317	サン＝マルタン＝デール
GN2978621	サン＝マンデ
GN2978640	サン・マロ
GN2978658	サン＝マケール＝アン＝モージュ
GN2978758	サン＝ロー
GN2978891	サン＝ローラン＝デュ＝ヴァール
GN2979072	サン＝ジュリアン＝アン＝ジュヌヴォワ
GN2979303	サン＝ジャン＝ド＝モーリエンヌ
GN2979309	サン＝ジャン＝ド＝リュズ
GN2979363	サン＝ジャン＝ダンジェリ
GN2979590	サン＝テルブラン
GN2979662	サン＝ジル＝クロワ＝ド＝ヴィ
GN2979783	サン＝ジェルマン＝アン＝レー
GN2980236	サン＝テティエンヌ＝デュ＝ルヴレ
GN2980283	サン＝テティエンヌ＝オ＝モン
GN2980291	サン＝テチエンヌ
GN2980313	サンテステーヴ
GN2980328	サント＝シゴレーヌ
GN2980400	サント＝ムヌー
GN2980488	サント＝リュース＝シュル＝ロワール
GN2980586	サント＝フォワ＝レ＝リヨン
GN2980816	サン＝ディジエ
GN2980827	サン＝ディエ＝デ＝ヴォージュ
GN2980916	サン＝ドニ
GN2981041	サン＝クルー
GN298117	ヴァン
GN2981206	サン＝シャモン
GN2981280	サン＝ブリユー
GN2981837	サン＝タマン＝モンロン
GN2982076	サブレ＝シュル＝サルト
GN2982146	ランジス
GN2982235	リュエイユ＝マルメゾン
GN2982343	ロワイヤン
GN2982652	ルーアン
GN2982681	ルーベ
GN2982757	ロニー＝スー＝ボワ
GN2982876	ロクブリュヌ＝カップ＝マルタン
GN2982967	ロモランタン＝ラントネー
GN298299	ウシャク
GN2983011	ロマン＝シュル＝イゼール
GN2983026	ロマンヴィル
GN2983074	ロワシー＝アン＝ブリー
GN2983154	ロデズ
GN2983276	ロシュフォール
GN298333	シャンルウルファ
GN2983362	ロアンヌ
GN2983393	リヴサルト
GN2983440	リ＝ゾランジス
GN2983489	リオン
GN2983536	リリュー＝ラ＝パプ
GN2983770	ルゼ
GN2983891	ルテル
GN2983990	レンヌ
GN2984114	ランス
GN2984513	ランブイエ
GN2984699	カンペルレ
GN2984701	カンペール
GN2984741	キブロン
GN2985034	ピュトー
GN2985229	プロヴァン
GN2985290	プリヴァ
GN2985947	ポルト＝ヴェッキオ
GN2986060	ポルニック
GN2986109	ポン＝サン＝テスプリ
GN2986140	ポントワーズ
GN2986160	ポンティヴィ
GN2986219	ポン＝デュ＝シャトー
GN2986302	ポンタルリエ
GN2986306	ポンタ＝ムッソン
GN2986495	ポワチエ
GN2986501	ポワシー
GN2986626	プルザネ
GN2986664	プルゲルノー
GN2986692	プルダルメゾー
GN2986729	プロエルメル
GN2987003	ピティヴィエ
GN2987259	ピエールラット
GN2987271	ピエールフィット＝シュル＝セーヌ
GN2987805	ペサック
GN2987914	ペルピニャン
GN2987967	ペリグー
GN2988220	ペゴマ
GN2988350	ポーイヤック
GN2988358	ポー
GN2988447	パルトネー
GN298846	トゥンジェリ
GN2988507	パリ
GN2988621	パンタン
GN2988670	パミエ
GN2988758	パレゾー
GN2988867	オゾワール＝ラ＝フェリエール
GN2988888	オヨナ
GN2988998	ウラン
GN2989170	オルヴォー
GN2989187	オルテズ
GN2989204	オルセー
GN2989297	オルリー
GN2989317	オルレアン
GN2989460	オランジュ
GN2989569	オロロン＝サント＝マリー
GN2989796	オベルネ
GN2989819	ニヨン
GN2989837	ニュイ＝サン＝ジョルジュ
GN2989877	ノワイヨン
GN2990085	ノール＝シュル＝エルドル
GN2990187	ノワジー＝ル＝セック
GN2990188	ノワジー＝ル＝ロワ
GN2990189	ノワジー＝ル＝グラン
GN2990263	ノジャン＝シュル＝セーヌ
GN2990265	ノジャン＝シュル＝マルヌ
GN2990355	ニオール
GN2990363	ニーム
GN2990440	ニース
GN2990474	ヌヴェール
GN2990611	ヌイイ＝シュル＝セーヌ
GN2990612	ヌイイ＝シュル＝マルヌ
GN2990616	ヌイイ＝プレザンス
GN2990780	ネラック
GN2990793	ヌムール
GN2990919	ナルボンヌ
GN2990969	ナント
GN2990970	ナンテール
GN2990999	ナンシー
GN2991086	ムツィヒ
GN2991153	ミュレ
GN2991214	ミュルーズ
GN2991481	ムーラン
GN2991551	ムージャン
GN2991719	モルサン＝シュル＝オルジュ
GN2991772	モルレー
GN2992003	モン＝サンテニャン
GN2992017	モンルージュ
GN2992166	モンペリエ
GN2992225	モンモリヨン
GN2992292	モンリュソン
GN2992293	モンルイ＝シュル＝ロワール
GN2992402	モンティニー＝レ＝メス
GN2992415	モンティニー＝ル＝ブルトンヌー
GN2992536	モンジュロン
GN2992616	モンフェルメイユ
GN2992703	モンテリマール
GN2992771	モン＝ド＝マルサン
GN2992938	モンベリアル
GN2992953	モンバール
GN2993002	モントーバン
GN2993024	モンタルジ
GN2993476	モルスアイム
GN2993586	モワサック
GN2993760	ミラマ
GN2993875	ミヨー
GN2994048	メイジュー
GN2994144	ムードン
GN2994160	メス
GN2994617	マンド
GN2994651	ムラン
GN2994768	ムジェーヴ
GN2994798	モー
GN2995150	モブージュ
GN2995387	マルティーグ
GN2995469	マルセイユ
GN2995489	マルサネ＝ラ＝コート
GN2995642	マルマンド
GN2995652	マルリー＝ル＝ロワ
GN2995750	マリニャーヌ
GN2995908	マルク＝アン＝バルール
GN2996146	マント＝ラ＝ヴィル
GN2996148	マント＝ラ＝ジョリー
GN2996180	マノスク
GN2996255	マンドリュー＝ラ＝ナプール
GN2996291	マメール
GN2996564	メゾン＝ラフィット
GN2996568	メゾン＝アルフォール
GN2996882	マコン
GN2996905	マシュクール
GN2996944	リヨン
GN2997110	リュネヴィル
GN2997116	リュネル
GN2997351	ルーヴシエンヌ
GN2997395	ルルド
GN2997439	ルーアン
GN2997465	ルデアック
GN2997556	ロルモン
GN2997577	ロリアン
GN2997626	ロン＝ル＝ソーニエ
GN2997638	ロンウィ
GN2997712	ロンジュモー
GN2997936	ロデーヴ
GN2997996	ロシュ
GN2998056	リヴリー＝ガルガン
GN2998150	リジュー
GN299817	タルスス
GN2998224	ランゴルサイム
GN2998264	リムー
GN2998286	リモージュ
GN2998324	リール
GN2998431	リエヴァン
GN2998517	リブルヌ
GN2998639	ルズー
GN2998854	ル・ヴェジネ
GN2998975	ルヴァロワ＝ペレ
GN2999683	レ・サーブル＝ドロンヌ
GN3000047	レ・ペンヌ＝ミラボー
GN3000060	レ・パヴィヨン＝スー＝ボワ
GN3000072	レスパール＝メドック
GN3000174	レスネヴァン
GN3000192	レ・ミュロー
GN3000491	レ・リラ
GN3002172	レ＝ザンドリ
GN3002401	ル・ランシー
GN3002465	ル・ピュイ＝アン＝ヴレ
GN3002534	ル・プリガン
GN3002650	ル・プレシ＝ロバンソン
GN3002880	ル・プティ＝ケヴィイー
GN3002965	ル・ペルー＝シュル＝マルヌ
GN3002984	ル・ペック
GN3003093	ランス
GN3003481	ル・メ＝シュル＝セーヌ
GN3003603	ル・マン
GN300371	ソマ
GN3003737	ル・クレムラン＝ビセートル
GN3003796	ル・アーヴル
GN3003952	ル・グラン＝ケヴィイー
GN3004427	ル・クルーゾ
GN3004630	ル・シェネ
GN3004871	ル・カネ
GN3005066	ル・ブスカ
GN3005269	ル・ブラン＝メニル
GN3005422	ラ・ヴァンツェノー
GN3005825	ラ・ヴァレット＝デュ＝ヴァール
GN300619	スィヴァス
GN3006202	ラ・トゥール＝デュ＝パン
GN3006283	ラ・テスト＝ド＝ビュック
GN3006414	ラ・セーヌ＝シュル＝メール
GN3006767	ラ・ロッシュ＝シュル＝ヨン
GN3006787	ラ・ロシェル
GN3007477	ラン
GN3007609	ランニオン
GN3007680	ラングル
GN3007794	ラネステール
GN3007842	ランディヴィジオ
GN3007874	ランデルノー
GN300808	シリフケ
GN3008218	ランブルサール
GN300822	スィイルト
GN3008225	ランバル
GN3009071	ラニー＝シュル＝マルヌ
GN3009169	ラ・ガレンヌ＝コロンブ
GN3009443	ラ・フレーシュ
GN3009824	ラ・クールヌーヴ
GN3009978	ラ・コル＝シュル＝ルー
GN3010025	ラ・シオタ
GN3010237	ラ・シャペル＝シュル＝エルドル
GN3010529	ラ・セル＝サン＝クルー
GN3012049	ジュランソン
GN3012142	ジュアン・レ・パン
GN3012313	ジョアンヴィル＝ル＝ポン
GN3012319	ジョワニー
GN301256	セルチュク
GN3012621	イヴリー＝シュル＝セーヌ
GN3012647	イストル
GN3012649	イシー＝レ＝ムリノー
GN3012655	イスーダン
GN3012664	イソワール
GN3012829	イルザック
GN3012834	イルキルシュ＝グラフェンスタデン
GN3012937	イエール
GN3012979	ユナング
GN3013097	ウイユ
GN3013173	オンフルール
GN3013403	エルヴィル＝サン＝クレール
GN3013477	エルブレ
GN3013521	エンヌボン
GN3013525	エナン＝ボーモン
GN3013534	アンダイエ
GN3013619	アーズブルック
GN3013766	オート＝グレーヌ
GN3014078	アグノー
GN3014143	ギュイヤンクール
GN3014221	ガンガン
GN3014383	ゲレ
GN3014392	ゲランド
GN3014433	ゲブヴィレール
GN3014728	グルノーブル
GN3014816	グラヴリーヌ
GN3014856	グラース
GN3014867	グランヴィル
GN3015160	グランド＝シント
GN3015419	グラディニャン
GN3015522	グラン
GN3015689	ゴネス
GN3015904	ジヴェ
GN3016078	ジフ＝シュル＝イヴェット
GN3016097	ジアン
GN3016274	ジェラールメ
GN3016321	ジュヌヴィリエ
GN3016621	ガルジュ＝レ＝ゴネス
GN3016667	ガルダンヌ
GN3016675	ギャルシュ
GN3016702	ギャップ
GN3016824	ガヤック
GN3016830	ガニー
GN3016956	フロンティニャン
GN3017253	フレジュス
GN3017609	フージェール
GN3017624	フエナン
GN3017651	フォス＝シュル＝メール
GN3017805	フォルバック
GN3017910	フォントネー＝スー＝ボワ
GN3017921	フォントネー＝ル＝コント
GN3017924	フォントネー＝オー＝ローズ
GN3018074	フォンテヌブロー
GN3018174	フォワ
GN3018280	フルーリー＝レゾブレ
GN3018506	フィジャック
GN3018794	フェカン
GN3019256	エヴリー
GN3019259	エヴロン
GN3019265	エヴルー
GN3019280	エヴィアン＝レ＝バン
GN3019459	エタンプ
GN301962	水地古
GN3019865	エルスタン
GN3019897	エルモン
GN3019920	エルゲ＝ガベリック
GN3020020	エピネー＝シュル＝セーヌ
GN3020035	エピナル
GN3020062	エペルネー
GN3020188	アンギャン＝レ＝バン
GN3020281	エルヌ
GN3020310	エランクール
GN3020495	エシロル
GN3020601	オーボンヌ
GN3020686	ダンケルク
GN3020810	ドルー
GN3020832	ドラヴェイユ
GN3020839	ドランシー
GN3020850	ドラギニャン
GN3020996	ドゥアルヌネ
GN3021000	ドゥエー
GN3021093	ドンジュ
GN3021264	ドル＝ド＝ブルターニュ
GN3021351	ディナール
GN3021356	ディナン
GN3021372	ディジョン
GN3021377	ディゴワン
GN3021382	ディーニュ＝レ＝バン
GN3021411	ディエップ
GN3021516	ドゥイユ＝ラ＝バール
GN3021605	ドゥナン
GN3021662	デシーヌ＝シャルピュー
GN3021848	ダマルタン＝アン＝ゴエル
GN3022242	クロゾン
GN3022530	クレテイユ
GN3022610	クレイユ
GN3022826	クタンス
GN3023044	クールディマンシュ
GN3023141	クールブヴォア
GN3023324	クエロン
GN3023356	クドケルク＝ブランシュ
GN3023476	コーヌ＝クール＝シュル＝ロワール
GN3023506	コルテ
GN3023645	コルメイユ＝ザン＝パリジ
GN3023763	コルベイユ＝エソンヌ
GN3023924	コンフラン＝サントノリーヌ
GN3023953	コンデ＝シュル＝ノワロー
GN3024035	コンカルノー
GN3024066	コンピエーニュ
GN3024086	コメルシー
GN3024107	コン＝ラ＝ヴィル
GN3024195	ポントー＝コンボー
GN3024223	コロミエ
GN3024266	コロンブ
GN3024297	コルマール
GN3024578	クリソン
GN3024596	クリシー＝ス＝ボワ
GN3024635	クレルモン＝フェラン
GN3024783	クラマール
GN3024979	シブール
GN3025053	ショレ
GN3025055	ショワジー＝ル＝ロワ
GN3025132	シノン
GN3025294	シュヴルーズ
GN3025466	シェルブール＝オクトヴィル
GN3025602	シュミエ＝ムレ
GN3025715	シャヴィル
GN3025892	ショーモン
GN3026033	シャトゥー
GN3026046	シャティヨン＝シュル＝セーヌ
GN3026108	シャトネ＝マラブリー
GN3026141	シャテルロー
GN3026194	シャトー＝ティエリ
GN3026204	シャトールー
GN3026262	シャトーラン
GN3026273	シャトー＝ゴンティエ
GN3026285	シャトーダン
GN3026303	シャトーブリアン
GN3026467	シャルトル
GN3026613	シャルルヴィル＝メジエール
GN3026637	シャラントン＝ル＝ポン
GN3027014	シャン＝シュル＝マルヌ
GN3027105	シャンピニー＝シュル＝マルヌ
GN3027301	シャモニー＝モン＝ブラン
GN3027422	シャンベリ
GN3027453	シャマリエール
GN3027484	シャロン＝シュル＝ソーヌ
GN3027487	シャロン＝アン＝シャンパーニュ
GN3027883	セルジー
GN3027950	スノン
GN3028134	カヴァイヨン
GN3028263	カストル
GN3028322	カステルサラザン
GN3028351	カステルノーダリ
GN3028542	カルパントラ
GN3028603	カレ＝プルゲール
GN3028610	カランタン
GN3028641	カルカソンヌ
GN3028745	カップブルトン
GN3028808	カンヌ
GN3028832	カネ＝タン＝ルシヨン
GN3028868	カンカル
GN302903	ヒエラポリス-パムッカレ
GN3029030	カンブレー
GN3029096	カリュイール＝エ＝キュイール
GN3029162	カレー
GN3029213	カオール
GN3029227	カーニュ＝シュル＝メール
GN3029241	カーン
GN3029276	カシャン
GN3029374	モンマルトル
GN3029748	ブリュノワ
GN3029771	ブリュマト
GN3029825	ブリュエ＝ラ＝ビュイシエール
GN3029931	ブロン
GN3029974	ブリーヴ＝ラ＝ガイヤルド
GN3029995	ブリウド
GN3030057	ブリニョール
GN3030142	ブリアンソン
GN3030257	ブレティニー＝シュル＝オルジュ
GN3030300	ブレスト
GN3030303	ブレシュイール
GN3030949	ブール＝サン＝モーリス
GN3030990	ブール＝ラ＝レーヌ
GN3031005	ブールジュ
GN3031009	ブール＝ガン＝ブレス
GN3031133	ブローニュ＝シュル＝メール
GN3031137	ブローニュ＝ビヤンクール
GN3031268	ブゲネ
GN3031277	ブージヴァル
GN3031582	ボルドー
GN3031815	ボンディ
GN303195	オスマニエ
GN3032070	ボワ＝コロンブ
GN3032179	ボビニー
GN3032213	ブロワ
GN3032469	ブラニャック
GN3032544	ビシュヴィレール
GN3032556	ビスカロッス
GN3032797	ビアリッツ
GN3032824	ブゾン
GN3032833	ベジエ
GN3033002	ベテューヌ
GN3033123	ブザンソン
GN3033488	ベンフェルド
GN3033625	ベレー
GN3033685	ベルガルド＝シュル＝ヴァルスリーヌ
GN3033791	ベルフォール
GN3033881	ベグル
GN3034006	ボーヴェ
GN3034111	ボープレオ
GN3034126	ボーヌ
GN3034382	ボーケール
GN3034458	バザス
GN3034475	バイヨンヌ
GN3034483	バイユー
GN3034640	バスティア
GN3034802	バール＝シュル＝オーブ
GN3034868	バール
GN3034911	バル＝ル＝デュック
GN3035204	バルマ
GN3035396	バニョール＝シュル＝セーズ
GN3035403	バニョレ
GN3035418	バニェール＝ド＝ビゴール
GN3035639	アヴランシュ
GN3035681	アヴィニョン
GN3035768	アヴァロン
GN3035843	オセール
GN3035864	オーヴェル＝シュル＝オワーズ
GN3035883	オータン
GN3036016	オーリヤック
GN3036059	オーレー
GN3036145	オルネー＝スー＝ボワ
GN3036240	オダンクール
GN3036281	オーシュ
GN3036326	オービニー＝シュル＝ネール
GN3036386	オーベルヴィリエ
GN3036402	オーベルジャンヴィル
GN3036418	オーブナ
GN3036433	オーバーニュ
GN3036460	アティス＝モンス
GN3036572	アニエール＝シュル＝セーヌ
GN3036784	アラス
GN3036822	アルパジョン＝シュル＝セール
GN3036903	アルマンティエール
GN3036938	アルル
GN3037044	アルジャントゥイユ
GN3037051	アルジャンタン
GN3037157	アルクイユ
GN3037253	アルカション
GN3037456	アンティーブ
GN3037538	アヌマッス
GN3037543	アヌシー
GN3037598	アングレーム
GN3037612	アングレット
GN3037656	アンジェ
GN3037797	アンスニ
GN3037854	アミアン
GN3037902	アンボワーズ
GN3037937	アンベール
GN3038012	アルトキルシュ
GN3038213	アルフォールヴィル
GN3038224	アレス
GN3038230	アランソン
GN3038261	アルビ
GN3038266	アルベールヴィル
GN303827	ニーデ
GN303831	ネヴシェヒル
GN3038334	アジャクシオ
GN3038350	エクス＝レ＝バン
GN3038354	エクス＝アン＝プロヴァンス
GN3038493	エーグ＝モルト
GN3038634	アジャン
GN3038638	アグド
GN3038789	アブヴィル
GN304081	ムシュ
GN304782	マルマリス
GN304797	マルディン
GN304922	マラティヤ
GN305268	キュタヒヤ
GN305359	クシャダス
GN305469	狼丘
GN306571	コンヤ
GN307515	クルシェヒル
GN307654	クルッカレ
GN307864	キリス
GN308464	カイセリ
GN309527	カラマン
GN309647	アール
GN3104219	スマラガ
GN3104324	サラゴサ
GN3104342	サモラ
GN3104499	ビトリア
GN3105976	ビーゴ
GN3106054	ビカルバロ
GN3106672	バリャドリッド
GN3107677	トゥルトーザ
GN3107775	トレラベーガ
GN3107784	トレホン・デ・アルドス
GN3107952	トルデシリャス
GN3108126	テルエル
GN3108286	テッラーサ
GN3108288	タラゴナ
GN3108308	タラソナ
GN3108412	タファリャ
GN310859	カフラマンマラシュ
GN3108681	ソリア
GN3109256	セゴビア
GN3109369	サリア
GN3109535	サント・ドミンゴ・デ・ラ・カルサーダ
GN3109642	サンティアゴ・デ・コンポステーラ
GN3109718	サンタンデール
GN3110040	サン・セバスティアン・デ・ロス・レイエス
GN3110044	サン・セバスティアン
GN311046	イズミル
GN3110589	サングエサ
GN311073	ウスパルタ
GN3110921	サント・アドリアー・ダ・バゾス
GN3110986	サロウ
GN3111108	サラマンカ
GN3112075	レイノーサ
GN3112737	プエンテ・デ・バリェカス
GN3113082	ポルトゥガレテ
GN3113209	ポンテベドラ
GN3113236	ポンフェラーダ
GN3113331	プラセンシア
GN3113910	ペニャランダ・デ・ブラカモンテ
GN3114472	パンプローナ
GN3114531	パレンシア
GN3114711	オビエド
GN3114726	オウテス
GN3114965	オウレンセ
GN3115177	オレイロス
GN3115463	ニグラン
GN3115780	ナヘラ
GN3115943	ムガルドス
GN3116025	モストレス
GN3116156	モラタラス
GN3116351	モンテエルモーソ
GN3116478	モンフォルテ・デ・レモス
GN311665	ウードゥル
GN3116653	モアーニャ
GN3116689	ミランダ・デ・エブロ
GN3117010	メディナ・デル・カンポ
GN3117164	マタロー
GN3117735	マドリード
GN3117814	ルーゴ
GN3118150	ログローニョ
GN3118304	リャネス
GN3118514	レリダ
GN3118532	レオン
GN3118554	レイオア
GN3118594	レガネス
GN3119841	ア・コルーニャ
GN3120211	ハカ
GN3120514	ウエスカ
GN3120635	オルタレサ
GN3121070	グアダラハラ
GN3121078	オ・グローベ
GN3121424	ヒホン
GN3121437	ヘタフェ
GN3121456	ジローナ
GN3121960	フエンラブラダ
GN3122762	エステーリャ
GN3123104	エランディオ
GN3123329	アル・プラ・ダ・リョブレガート
GN3123504	エル・エスコリアル
GN3124041	クジェレード
GN3124132	クエンカ
GN3124136	クエリャル
GN3124408	コスラーダ
GN3124963	シウダ・ロドリーゴ
GN3124964	シウダー・リネアル
GN3125239	チャマルティン
GN3125526	セー
GN3125537	セデイラ
GN3126571	カンガス・デ・オニス
GN3126888	カンブリス
GN3126915	カマリーニャス
GN3127047	カラタユー
GN3127065	カラオラ
GN3127461	ブルゴス
GN3128026	ビルバオ
GN3128174	ベルメオ
GN3128308	ベンビブレ
GN3128760	バルセロナ
GN3128795	バルバストロ
GN3129028	バダロナ
GN3129059	アスペイティア
GN3129135	アビレス
GN3129136	アビラ
GN3129476	アルネド
GN3129644	アレバロ
GN3129857	アランフエス
GN3129877	アランダ・デ・ドゥエロ
GN3130313	アルマサン
GN3130564	アルコルコン
GN3130583	アルコベンダス
GN3130606	アルカニス
GN3130616	アルカラ・デ・エナーレス
GN313947	ギョレメ国立公園
GN314830	ガズィアンテプ
GN314967	フェトヒイェ
GN315202	エスキシェヒル
GN315368	エルズルム
GN315373	エルズィンジャン
GN315808	エラズー
GN3163894	ゼーロ・ブオン・ペルシコ
GN3163932	ザガローロ
GN3163950	ヴォルヴェーラ
GN3163974	ヴォルピャーノ
GN3163995	ヴォゲーラ
GN3164002	ヴォバルノ
GN3164026	ヴィットゥオーネ
GN3164028	ヴィットリオ・ヴェネト
GN3164039	ヴィテルボ
GN3164065	ヴィピテーノ
GN3164080	ヴィモドローネ
GN3164083	ヴィメルカーテ
GN3164138	ヴィッラサンタ
GN3164153	ヴィッラリッカ
GN3164172	ヴィッラヌオーヴァ・スル・クリージ
GN3164241	ヴィッラフランカ・ディ・ヴェローナ
GN3164274	ヴィッラ・コルテーゼ
GN3164352	ヴィニャーテ
GN3164376	ヴィジェーヴァノ
GN3164407	ヴィーコ・エクエンセ
GN3164419	ヴィチェンツァ
GN3164433	ヴィアレッジョ
GN3164472	ヴェトラッラ
GN3164527	ヴェローナ
GN3164533	ヴェルニオ
GN3164565	ヴェルチェッリ
GN3164582	ヴェンティミーリア
GN3164592	ヴェノーザ
GN3164603	ベニス
GN3164617	ヴェナリーア・レアーレ
GN3164630	ヴェッレトリ
GN3164665	ヴァッツォーラ
GN3164699	ヴァレーゼ
GN3164702	ヴァレード
GN3164709	ヴァラッツェ
GN3164718	ヴァラッロ
GN3164723	ヴァプリオ・ダッダ
GN3164727	ヴァンザーゴ
GN3164728	ヴァンザゲッロ
GN3164778	ヴァルモントーネ
GN3164924	ヴァレッジョ・スル・ミンチョ
GN3164973	ヴァイアーノ
GN3164988	ヴァード・リーグレ
GN3165018	ウズマーテ・ヴェラーテ
GN3165035	ウルビーノ
GN3165083	トゥスカーニア
GN3165100	トゥルビーゴ
GN3165141	トローイア
GN3165142	トロファレッロ
GN3165185	トリエステ
GN3165197	トレッツォ・スッラッダ
GN3165198	トレッツァーノ・スル・ナヴィーリオ
GN3165201	トレヴィーゾ
GN3165207	トレヴィーリオ
GN3165243	トレント
GN3165306	トラステヴェレ
GN3165322	トラーニ
GN3165381	トッリータ・ディ・シエーナ
GN316541	ディヤルバクル
GN3165456	トッレ・デル・グレーコ
GN3165475	トッレ・アンヌンツィアータ
GN3165513	トリット
GN3165524	トリノ
GN3165576	トンボロ
GN3165624	ティヴォリ
GN3165737	テルツィーニョ
GN3165762	テッラチーナ
GN3165771	テルニ
GN3165803	テーラモ
GN3165828	テンピオ・パウザーニア
GN3165919	タルクイーニア
GN3165926	ターラント
GN3166018	スーザ
GN3166052	スビアーコ
GN3166096	ストリアーノ
GN3166114	ストラデッラ
GN3166236	スポレート
GN3166262	スピリンベルゴ
GN3166350	ソレント
GN3166397	ソンドリオ
GN3166404	ソンマ・ヴェズヴィアーナ
GN3166409	ソンマ・ロンバルド
GN3166410	ソンマカンパーニャ
GN3166426	ソリエーラ
GN3166448	ソラーロ
GN3166465	ソッカーヴォ
GN3166468	ソアーヴェ
GN3166548	シエーナ
GN3166571	セッツェ
GN3166574	セーヴェゾ
GN3166576	セッティモ・トリネーゼ
GN3166598	セスト・サン・ジョヴァンニ
GN3166711	セレーニョ
GN3166740	セニガッリア
GN3166808	セグラーテ
GN3166813	セーニ
GN3166822	セドリアーノ
GN3166830	セコンディリャーノ
GN3166866	スコルツェ
GN3166955	スカルペリーア
GN3167022	サヴォーナ
GN3167035	サヴィアーノ
GN3167096	サッサリ
GN3167152	サプリ
GN3167207	サン・ヴィンチェンツォ
GN3167393	サンタントーニオ・アバーテ
GN3167419	サンタンティモ
GN3167439	サンタンジェロ・ロディジャーノ
GN3167509	サンタナスタジーア
GN3167520	サンタ・マリネッラ
GN3167561	サンタ・マリーア・カープア・ヴェーテレ
GN3167632	サンタニェッロ
GN3167648	サンターガタ・ボロニェーゼ
GN3167731	サン・セヴェーロ
GN3167777	サンレーモ
GN3167954	サン・ミニアート
GN3167978	サン・マウロ・トリネーゼ
GN3167990	サン・マウリーツィオ・カナヴェーゼ
GN3168007	サン・マルティーノ・イン・リーオ
GN3168209	サン・ジュゼッペ・ヴェズヴィアーノ
GN3168222	サン・ジュリアーノ・ミラネーゼ
GN3168231	サン・ジョヴァンニ・ヴァルダルノ
GN3168257	サン・ジョヴァンニ・ア・テドゥッチョ
GN3168309	サン・ジョルジョ・ア・クレマーノ
GN3168341	サン・ジェンナーロ・ヴェズヴィアーノ
GN3168393	サン・フェリーチェ・チルチェーオ
GN3168414	サン・ドナート・ミラネーゼ
GN3168429	サン・ドナ・ディ・ピアーヴェ
GN3168463	サン・コロンバーノ・アル・ランブロ
GN3168485	サン・チェザーレオ
GN3168544	サン・ベニーニョ・カナヴェーゼ
GN3168601	サルツァーノ
GN3168633	サロ
GN3168673	サレルノ
GN3168764	サバウディア
GN3168784	ルッシ
GN3168816	ルディアーノ
GN3168837	ロッツァーノ
GN3168843	ロヴィーゴ
GN3168854	ロヴェレート
GN3168868	ロヴェッロ・ポッロ
GN3168927	ロゾリーナ
GN3168931	ロジニャーノ・マリッティモ
GN3168954	ロザーテ
GN3169070	ローマ
GN3169147	ロッカライーノラ
GN3169149	ロッカ・プリオーラ
GN3169181	ロッカ・ディ・パーパ
GN3169231	リーヴォリ
GN3169253	リヴァローロ・カナヴェーゼ
GN3169262	リヴァルタ・ディ・トリーノ
GN3169272	リーヴァ・デル・ガルダ
GN3169361	リミニ
GN3169395	リニャーノ・フラミーニオ
GN3169412	リエーティ
GN3169443	リアーノ
GN3169447	ロー
GN3169481	レスカルディーナ
GN3169561	ラヴェンナ
GN3169602	ラパッロ
GN3169647	ラッコニージ
GN3169700	クアルト・ダルティーノ
GN3169724	クアリアーノ
GN3169807	プローチダ
GN3169811	プリヴェルノ
GN3169921	プラート
GN3169984	ポッツオリ
GN3170027	ポテンツァ
GN3170082	ポルトマッジョーレ
GN3170086	ポルトグルアーロ
GN3170094	ポルトフェッラーイオ
GN3170116	ポルティチ
GN3170147	ポルデノーネ
GN3170191	ポントレーモリ
GN3170196	ポンティーニア
GN3170206	ポンティチェッリ
GN3170208	ポンテヴィーコ
GN3170341	ポミリアーノ・ダルコ
GN3170342	ポメーツィア
GN3170376	ポッラ
GN3170408	ポイリーノ
GN3170422	ポリアーノ・ミラネーゼ
GN3170442	ポッジョ・レナーティコ
GN3170457	ポッジョマリーノ
GN3170487	ポッジョ・ア・カイアーノ
GN3170504	ポッジボンシ
GN3170621	ピストイア
GN3170627	ピゾーニェ
GN3170631	ピッシーノラ
GN3170647	ピサ
GN3170674	ピオンビーノ
GN3170676	ピオルテッロ
GN3170694	ピネローロ
GN3170699	ピモンテ
GN3170778	ピエトラサンタ
GN3170921	ピアヌーラ
GN3170943	ピャーノ・ディ・ソッレント
GN3170963	ピャニーガ
GN3170978	ピアネッツァ
GN3171058	ピアチェンツァ
GN317109	デニズリ
GN3171148	ペーシャ
GN3171152	ペスキエーラ・デル・ガルダ
GN3171168	ペスカーラ
GN3171173	ペーザロ
GN3171180	ペルージャ
GN3171214	ペルジーネ・ヴァルスガーナ
GN3171247	ペンネ
GN3171355	パヴッロ・ネル・フリニャーノ
GN3171366	パヴィア
GN3171370	パウッロ
GN3171457	パルマ
GN3171484	パラビアーゴ
GN3171502	パンティリアーテ
GN3171558	パロンバーラ・サビーナ
GN3171576	パルマ・カンパーニア
GN3171606	パレストリーナ
GN3171703	パガーニ
GN3171728	パドヴァ
GN3171737	パデルノ・ドゥニャーノ
GN3171848	オージモ
GN3171869	オルツィヌオーヴィ
GN3171874	オルヴィエート
GN3171986	オルバッサーノ
GN3172000	オーペラ
GN3172023	オメーニャ
GN3172074	オレーヴァノ・ロマーノ
GN3172154	ヌオロ
GN3172170	ノーヴィ・リーグレ
GN3172175	ノヴェンタ・ディ・ピアーヴェ
GN3172184	ノヴァーテ・ミラネーゼ
GN3172189	ノヴァーラ
GN3172191	ノーヴァ・ミラネーゼ
GN3172215	ノーネ
GN3172217	ノナントラ
GN3172226	ノーレ
GN3172227	ノーラ
GN3172240	ノーチ
GN3172244	ノチェーラ・インフェリオーレ
GN3172252	ノアーレ
GN3172269	ニケリーノ
GN3172287	ネットゥーノ
GN3172297	ネルヴィアーノ
GN3172300	ネルヴィ
GN3172322	ネーピ
GN3172377	ナルニ
GN3172379	ナルド
GN3172394	ナポリ
GN3172422	ムジーレ・ディ・ピアーヴェ
GN3172472	ムニャーノ・ディ・ナーポリ
GN3172479	ムッジョ
GN3172483	ムッジャ
GN3172502	モッタ・ヴィスコンティ
GN3172557	モルターラ
GN3172586	モルルーポ
GN3172598	モーリ
GN3172629	モンツァ
GN3172669	モンティニョーゾ
GN3172681	モンティキアーリ
GN3172729	モンテジルヴァーノ
GN3172747	モンテ・サンタンジェロ
GN3172768	モンテロトンド
GN3172797	モンテ・ポルツィオ・カトーネ
GN3172828	モンテムルロ
GN3172931	モンテフィアスコーネ
GN3172946	モンテ・ディ・プローチダ
GN3172969	モンテ・コンパトリ
GN3172996	モンテカティーニ・テルメ
GN3173074	モンタナーロ
GN3173093	モンターレ
GN3173131	モノーポリ
GN3173153	モンファルコーネ
GN3173162	モンドヴィ
GN3173180	モンカリエーリ
GN3173314	モリアーノ・ヴェーネト
GN3173331	モデナ
GN3173369	ミラーノ
GN3173385	ミーラ
GN3173391	ミントゥルノ
GN3173435	ミラノ
GN3173473	ミアノ
GN3173480	メッツォロンバルド
GN3173529	メストレ
GN3173576	メラーテ
GN3173577	メラーノ
GN3173582	メンターナ
GN3173599	メルツォ
GN3173614	メリート・ディ・ナーポリ
GN3173631	メレニャーノ
GN3173635	メルドラ
GN3173667	メーデ
GN3173671	メーダ
GN3173721	マテーラ
GN3173754	マッサローザ
GN3173761	マッサ・ロンバルダ
GN3173775	マッサ
GN3173852	マルテッラーゴ
GN3173878	マロースティカ
GN3173888	マルナーテ
GN3173895	マルミローロ
GN3173914	マリーノ
GN3173945	マリリアーノ
GN3173946	マリリアネッラ
GN3173985	マルコーン
GN3174006	マルチェッリーナ
GN3174021	マラーノ・ディ・ナーポリ
GN3174032	マラネッロ
GN3174043	マンツィアーナ
GN3174051	マントヴァ
GN3174092	マンフレドーニア
GN3174093	マネルビオ
GN3174141	マルナーテ
GN3174250	マニャーゴ
GN3174254	マリエ
GN3174295	マジェンタ
GN3174380	マチェラータ
GN3174494	ルーゴ
GN3174530	ルッカ
GN3174543	ローヴェレ
GN3174567	ロレート
GN3174607	ロナート
GN3174636	ローディ・ヴェッキオ
GN3174638	ローディ
GN3174641	ロコロトンド
GN3174645	ロカーテ・ディ・トリウルツィ
GN3174659	リヴォルノ
GN3174679	リッソーネ
GN3174719	リンビアーテ
GN3174784	レーヴィコ・テルメ
GN3174888	レンターテ・スル・セーヴェゾ
GN3174892	レーノ
GN3174911	レイニ
GN3174921	レニャーノ
GN3174945	レッコ
GN3174953	レッチェ
GN3174984	ラヴィース
GN3175009	ラヴェッロ
GN3175058	ラティーナ
GN3175081	ラ・スペツィア
GN3175105	ラリーノ
GN3175106	ラリアーノ
GN3175121	ラクイラ
GN3175156	ラヌーヴィオ
GN3175177	ラーナ
GN3175217	ラ・マッダレーナ
GN3175228	ラ・ロッジャ
GN3175235	ライヴェス
GN3175238	ライナーテ
GN3175298	ラディスポリ
GN3175384	イヴレーア
GN3175392	イトリ
GN3175445	イゼルニア
GN3175447	イゼーオ
GN3175491	インザーゴ
GN3175494	インヴェルーノ
GN3175532	インペリア
GN3175537	イーモラ
GN3175627	イェーゾロ
GN3175628	イェージ
GN3175687	グッビオ
GN3175755	グルリアスコ
GN3175952	グラニャーノ
GN3175960	グラード
GN3175986	ゴリツィア
GN3175990	ゴルゴンゾーラ
GN3176002	ゴンザーガ
GN3176014	ゴーイト
GN3176041	ジュッサーノ
GN3176059	ジュリアーノ・イン・カンパーニア
GN3176130	ジャヴェーノ
GN3176177	ゲーディ
GN3176203	ジェンツァーノ・ディ・ローマ
GN3176219	ジェノヴァ
GN3176277	ガヴァルド
GN3176282	ガッティナーラ
GN3176285	ガッシーノ・トリネーゼ
GN3176299	ガルラスコ
GN3176311	ガルドーネ・ヴァル・トロンピア
GN3176322	ガルバニャーテ・ミラネーゼ
GN3176436	ガッジャーノ
GN3176438	ガエータ
GN3176467	フジニャーノ
GN3176515	フロジノーネ
GN3176560	フラッタミノーレ
GN3176561	フラッタマッジョーレ
GN3176589	フラスカーティ
GN3176733	フォルミージネ
GN3176738	フォルミア
GN3176739	フォルメッロ
GN3176743	フォルリンポーポリ
GN3176746	フォルリ
GN3176748	フォリーオ
GN3176843	フォンディ
GN3176854	フォリーニョ
GN3176885	フォッジャ
GN3176907	フレーロ
GN3176923	フィウミチーノ
GN3176959	フィレンツェ
GN3176970	フィオラーノ・モデネーゼ
GN3176988	フィロットラーノ
GN3177046	フィアーノ・ロマーノ
GN3177098	フェルノ
GN3177099	フェルモ
GN3177100	フェルミニャーノ
GN3177250	ファルコナーラ・マリッティマ
GN3177300	ファエンツァ
GN3177315	ファブリアーノ
GN3177337	エステ
GN3177372	エルバ
GN3177400	エンポリ
GN3177471	ドルエント
GN3177532	ドモドッソラ
GN3177547	ドーロ
GN3177608	デージオ
GN3177610	デゼンツァーノ・デル・ガルダ
GN3177651	ダイラーゴ
GN3177664	クザーノ・ミラニーノ
GN3177672	クルノ
GN3177695	クオルニェ
GN3177704	クミアーナ
GN3177720	クッジョーノ
GN3177773	クロチェッタ・デル・モンテッロ
GN3177838	クレモナ
GN3177841	クレーマ
GN3177952	コルティーナ・ダンペッツォ
GN3177983	コルテ・フランカ
GN3178004	コルシコ
GN3178019	コッレッジョ
GN3178073	コルナーテ・ダッダ
GN3178074	コルナレード
GN3178087	コルマーノ
GN3178099	コーリ
GN3178125	コルベッタ
GN3178197	コネリアーノ
GN3178201	コンコレッツォ
GN3178203	コンコルディア・サジッターリア
GN3178229	コモ
GN3178245	コマッキオ
GN3178287	コローニェ
GN3178388	コッレーニョ
GN3178398	コッレフェッロ
GN3178402	コッレ・ディ・ヴァル・デルザ
GN3178499	コドーニョ
GN3178534	コッカーリオ
GN3178541	クルゾーネ
GN3178548	クレス
GN3178587	チヴィタヴェッキア
GN3178595	チーヴィタ・カステッラーナ
GN3178619	チッタ・ディ・カステッロ
GN3178650	チリエ
GN3178671	チニゼッロ・バルサモ
GN3178683	チミティーレ
GN3178726	チッチャーノ
GN3178738	チャンピーノ
GN3178745	キヴァッソ
GN3178784	キオッジャ
GN3178796	キエーティ
GN3178818	キエーリ
GN3178850	キアーリ
GN3178855	キアラヴァッレ
GN3178874	キアンチャーノ・テルメ
GN3178956	チェゼナーティコ
GN3178957	チェゼーナ
GN3178972	チェザーノ・マデルノ
GN3178998	チェルヴィア
GN3178999	チェルヴェーテリ
GN3179027	チェッロ・マッジョーレ
GN3179066	チェルヌスコ・スル・ナヴィーリオ
GN3179067	チェルノッビオ
GN3179076	チェリアーノ・ラゲット
GN3179097	ヴィルジーリオ
GN3179109	チェルコラ
GN3179162	チェント
GN3179190	チェッリーノ・サン・マルコ
GN3179218	チェーリエ・メッサピーカ
GN3179220	チェッジャ
GN3179235	チェーチナ
GN3179279	カヴェナーゴ・ディ・ブリアンツァ
GN3179288	カーヴェ
GN3179294	カヴァルツェレ
GN3179347	カットーリカ
GN3179415	カスティリオーネ・デッレ・スティヴィエーレ
GN3179440	カステネードロ
GN3179470	カステルサルド
GN3179555	カステル・メッラ
GN3179561	カステル・マダーマ
GN3179656	カステッラーナ・グロッテ
GN3179659	カステッラモンテ
GN3179735	カステル・ボロニェーゼ
GN3179744	カステニャート
GN3179749	カスターノ・プリーモ
GN3179781	カッシーノ
GN3179787	カッシーナ・デ・ペッキ
GN3179795	カッサーノ・ダッダ
GN3179806	カゾーリア
GN3179807	カゾレッツォ
GN3179809	カゾラーテ・プリーモ
GN3179866	カゼルタ
GN3179911	カゼッレ・トリネーゼ
GN3180110	カザンドリーノ
GN3180172	カザルヌオーヴォ・ディ・ナポーリ
GN3180177	カザルマッジョーレ
GN3180389	カルガーテ
GN3180423	カッラーラ
GN3180445	カルピ
GN3180450	カルペネードロ
GN3180462	カロヴィーニョ
GN3180483	カルナーテ
GN3180496	カルマニョーラ
GN3180511	カリニャーノ
GN3180541	カルディート
GN3180580	カラヴァッジョ
GN3180581	カラーテ・ブリアンツァ
GN3180601	カプア
GN3180608	カプリオーロ
GN3180630	カプリ島
GN3180644	カプラーニカ
GN3180725	カペーナ
GN3180749	カオルレ
GN3180852	カネグラーテ
GN3180861	カンディオーロ
GN3180918	カンポザーノ
GN3180937	カンポノガーラ
GN3180970	カンポガッリアーノ
GN3180991	カンポバッソ
GN3181018	カンピ・ビゼンツィオ
GN3181061	カンパニャーノ・ディ・ローマ
GN3181102	カメラーノ
GN3181111	カンビアーノ
GN3181112	カンビアーゴ
GN3181140	カルヴィッツァーノ
GN3181164	カルーゾ
GN3181209	カルドーニョ
GN3181223	カルチナート
GN3181224	カルチナーテ
GN3181258	カイヴァーノ
GN3181259	カイロ・モンテノッテ
GN3181277	カーリ
GN3181354	ブスト・ガロルフォ
GN3181358	ブッソレーノ
GN318137	ハッカリ
GN3181471	ブルシャーノ
GN3181480	ブルーニコ
GN3181488	ブルイーノ
GN3181495	ブルゲーリオ
GN3181521	ブリジゲッラ
GN3181528	ブリンディジ
GN3181548	ブレッソ
GN3181550	ブレッサノーネ
GN3181554	ブレシア
GN3181605	ブランディッツォ
GN3181628	ブラッチャーノ
GN3181631	ブラ
GN3181641	ボヴィージオ＝マシャーゴ
GN3181647	ボヴェッツォ
GN3181662	ボッティチーノ
GN3181680	ボスコトレカーゼ
GN3181683	ボスコレアーレ
GN3181750	ボルゴサトッロ
GN3181850	ボルガロ・トリネーゼ
GN3181913	ボルツァーノ
GN3181928	ボローニャ
GN3181931	ボッラーテ
GN3181994	ビトリット
GN3181995	ビトント
GN3181996	ビテット
GN3182007	ビシェーリエ
GN3182027	ビナスコ
GN3182043	ビエッラ
GN3182066	ビアッソーノ
GN3182119	ベザーナ・イン・ブリアンツァ
GN3182164	ベルガモ
GN3182179	ベネヴェント
GN3182210	ベッルーノ
GN3182245	ベイナスコ
GN3182297	バッサーノ・デル・グラッパ
GN3182340	バルレッタ
GN3182341	バルラッシーナ
GN3182351	バーリ
GN3182361	バレッジョ
GN3182410	バランザーテ
GN3182411	バラーノ・ディスキア
GN3182500	バニョーロ・メッラ
GN3182518	バニョーリ
GN3182522	バーニョ・ア・リーポリ
GN3182552	バニャカヴァッロ
GN3182599	バーコリ
GN3182634	アヴィリアーナ
GN3182640	アヴェルサ
GN3182650	アヴェッリーノ
GN3182714	アスティ
GN3182749	アスコリ・ピチェーノ
GN3182765	アルツァーノ
GN3182778	アルテーナ
GN3182835	アルルーノ
GN3182851	アリッチャ
GN3182878	アルジェンタ
GN3182886	アレーゼ
GN3182897	アルデーア
GN3182904	アルコレ
GN3182906	アルコナーテ
GN3182910	アルコ
GN3182957	アプリーリア
GN3182997	アオスタ
GN3183005	アンツィオ
GN3183061	アングイッラーラ・サバーツィア
GN3183072	アンドリア
GN3183089	アンコーナ
GN3183099	アナカプリ
GN3183113	アメーリア
GN3183135	アルツァーノ・ロンバルド
GN3183169	アルタヴィッラ・ヴィチェンティーナ
GN3183178	アルタムーラ
GN3183187	アルピニャーノ
GN3183257	アルメーゼ
GN3183258	アルメンノ・サン・サルヴァトーレ
GN3183260	アルメ
GN3183284	アルゲーロ
GN3183287	アルフォンシーネ
GN3183299	アレッサンドリア
GN3183314	アルビッソラ・マリーナ
GN3183316	アルビーノ
GN3183321	アルビアーテ
GN3183330	アルベロベッロ
GN3183355	アルバーノ・サンタレッサンドロ
GN3183356	アルバーノ・ラツィアーレ
GN3183364	アルバ
GN3183374	アーラ
GN3183417	アグラーテ・ブリアンツァ
GN3183441	アリアーナ
GN3183446	アジェーロラ
GN3183455	アフラゴーラ
GN3183472	アデルフィア
GN3183490	アックイ・テルメ
GN3183494	アックアヴィーヴァ・デッレ・フォンティ
GN3183541	アチェッラ
GN3183573	アッビアテグラッソ
GN3183581	アッバディーア・サン・サルヴァトーレ
GN3183587	アーバノ・テルメ
GN318675	ジェイハン
GN318755	チェシュメ
GN320392	ブルドゥル
GN3207077	カトレンブルク＝リンダウ
GN3207197	フェルマー
GN3207410	レーデンタール
GN3207512	ブルッフミュールバッハ＝ミーザウ
GN3207540	シェーネンベルク＝キューベルベルク
GN3207806	ミュールハイム＝ケルリヒ
GN3208053	フロールシュタット
GN3209498	シェヌ＝ブジュリー
GN3209505	トネ
GN320995	ボドルム
GN321025	ビトリス
GN321082	ビンギョル
GN321426	ペルガモン
GN321836	バトマン
GN3218772	ポンツァーノ・ヴェーネト
GN3218993	フォッソ
GN3218998	フィエッソ・ダルティコ
GN3219114	スピネーア
GN322165	バルケスィル
GN3225108	ランスバッハ＝バウムバッハ
GN322830	アイドゥン
GN323777	アンタルヤ
GN323779	アンティオケイア
GN323786	アンカラ
GN324172	アラシェヒル
GN324190	アランヤ
GN324496	アクサライ
GN3247449	アーヘン
GN324944	アクチャカレ
GN325303	アフィヨンカラヒサール
GN325330	アドゥヤマン
GN325363	アダナ
GN3272460	メルフェルデン＝ヴァルドルフ
GN3272934	アルスバッハ＝ヘーンライン
GN3272941	リートシュタット
GN3274259	ラインガルテン
GN3274966	ラウダ＝ケーニヒスホーフェン
GN3313472	アスローン
GN3315276	ファーハウス
GN3315280	フォックスロック
GN3315287	ラスガー
GN3315315	バリームン
GN3336893	ロートガウ
GN3336895	カウフンゲン
GN3337504	ゼーハイム＝ユーゲンハイム
GN3345283	トニイパンディ
GN3345437	カムデン・タウン
GN3345439	テルフォード
GN3373348	アングラ・ド・エロイズモ
GN3514670	ビヤエルモサ
GN3514783	ベラクルス
GN3514876	バジャドリド
GN3515001	トゥストラ・グティエレス
GN3515302	トルーカ
GN3515343	トゥライヤカパン
GN3515431	トラルネパントラ
GN3515510	ティシュトラ
GN3515715	テスココ
GN3515763	テテラ・デル・ボルカン
GN3515796	テキスキアパン
GN3516076	テカシュ
GN3516355	タンピコ
GN3518117	ミトラ
GN3518723	サン・フアン・バウティスタ・トゥクステペク
GN3520064	サリナ・クルス
GN3520339	レイノサ
GN3520994	プエルト・エスコンディード
GN3521081	プエブラ
GN3521108	プログレソ
GN3521168	ポサ・リカ・デ・イダルゴ
GN3521342	プラヤ・デル・カルメン
GN3522210	パチューカ
GN3522507	オアハカ
GN3522551	ヌエボ・ラレド
GN3522790	ナウカルパン
GN3522924	モトゥル
GN3523349	メリダ
GN3523450	マティアス・ロメロ
GN3523686	マリナルコ
GN3526617	ハラパ・デ・エンリケス
GN3527768	エスクイントラ（チアパス州）
GN3529947	クエルナバカ
GN3530139	コヨアカン
GN3530517	コアツァコアルコス
GN3530580	シウダービクトリア
GN3530597	メキシコシティ
GN3530757	サン・ペドゥロ・チョルラ
GN3530870	チルパンシンゴ
GN3531023	チェトゥマル
GN3531673	カンクン
GN3531732	カンペチェ
GN3532465	バカラル
GN3532592	アトリスコ
GN3532858	アネネクイルコ
GN3532899	アメカメカ
GN3533462	アカプルコ
GN3815324	ウアマントゥラ
GN3815415	トラスカラ
GN3818742	サン・アンドゥレス・チョルラ
GN3827380	サンペドロ・デ・アトクパン
GN3979770	サポパン
GN3979844	サカテカス
GN3980621	バジェ・デ・ブラボ
GN3981254	トレオン
GN3981461	トラケパケ
GN3981609	ティフアナ
GN3981885	テキーラ
GN3981941	テピク
GN3982266	テカテ
GN3985344	サン・ミゲル・デ・アジェンデ
GN3985606	サン・ルイス・ポトシ
GN3985710	サンルーカス岬
GN3987224	サン・フェリペ
GN3988086	サルティーヨ
GN3991164	ケレタロ
GN3991328	プエルト・バヤルタ
GN3994616	ヌエボ・カサス・グランデス
GN3995402	モレリア
GN3995465	モンテレイ
GN3996069	メヒカリ
GN3996322	マサトラン
GN3997479	ロスモチス
GN3998287	ロレト
GN3998655	レオン
GN4000900	ラパス
GN4004898	エルモシージョ
GN4005270	グアナフアト
GN4005539	グアダラハラ
GN4006702	エンセナーダ
GN4011743	ドゥランゴ
GN4012176	クリアカン
GN4012593	クリル
GN4013516	コリマ
GN4013704	シウダ・オブレゴン
GN4013708	シウダー・フアレス
GN4013720	デリシアス
GN4013723	シウダーコンスティトゥシオン
GN4014338	チワワ
GN4014875	セラヤ
GN4019054	アヒヒック
GN4019233	アグアスカリエンテス
GN4032804	ワイタンギ
GN4046704	フォート・ハント
GN4048662	パデューカ
GN4049979	バーミンハム
GN4050880	ビューダ
GN4051059	ボアズ
GN4055045	チルダーズバーグ
GN4057835	カルマン
GN4058553	ディケーター
GN4058662	デモポリス
GN4059102	ドーサン
GN4060954	ユーフォーラ
GN4061234	フェアホープ
GN4062577	フローレンス
GN4062644	フォーリー
GN4063619	ガズデン
GN4066463	ハーヴェスト
GN4067927	ホームウッド
GN4067994	フーバー
GN4068590	ハンツビル
GN4069553	ジャクソンビル
GN4074267	マディソン
GN4076598	モービル
GN4076771	モンテヴァロ
GN4076784	モンゴメリー
GN4076842	ムーディー
GN4080555	ノースポート
GN4089114	セルマ
GN4089536	シェフィールド
GN4092671	シラコーガ
GN4093399	セオドア
GN4094455	タスカルーサ
GN4094484	タスカンビア
GN4094490	タスキーギ
GN4095186	バレー
GN4099296	アルマ
GN4101260	ベントンビル
GN4102412	ブライスヴィル
GN4103957	カボット
GN4107198	クロセット
GN4110486	フェイエットビル
GN4111410	フォートスミス
GN4116315	ジャクソンビル
GN4116834	ジョーンズボロ
GN4119403	リトルロック
GN4124112	ノースリトルロック
GN4125027	オシオーラ
GN4131116	サイロームスプリングス
GN4132093	スプリングデール
GN4132625	スタットガート
GN4133367	テクサーカナ
GN4134716	ヴァンビューレン
GN4135840	ウエスト・ヘレナ
GN4135865	ウェストメンフィス
GN4137523	アナコスティア
GN4137801	ブレントウッド
GN4137919	キャピトル・ヒル
GN4138102	コロンビア・ハイツ
GN4138120	コングレス・ハイツ
GN4138890	ジョージタウン
GN4140642	テンレイタウン
GN4141674	ブルックサイド
GN4141974	クレイモント
GN4142290	ドーバー
GN4142683	グラスゴー
GN4143637	ミドルタウン
GN4143658	ミルフォード
GN4143834	ニュー・キャッスル
GN4143861	ニューアーク
GN4144100	パイククリーク
GN4144600	シーフォード
GN4145381	ウィルミントン
GN4146166	アポップカ
GN4146354	アトランティックビーチ
GN4146389	オーバーンデール
GN4146429	アベンチュラ
GN4146440	エイヴォン・パーク
GN4147581	ビバリーヒルズ
GN4148411	ボカラトン
GN4148708	ブレイデントン
GN4148757	ブランドン
GN4149962	ケープコーラル
GN4150394	セレブレーション
GN4151316	クリアウォーター
GN4151441	ココアビーチ
GN4151460	ココナッツ・グローヴ
GN4151909	コーラルスプリングス
GN4152772	デーニア・ビーチ
GN4152872	デイトナビーチ
GN4153071	ディアフィールド
GN4153132	デルレイビーチ
GN4153759	ダニーデン
GN4154606	ユースティス
GN4155669	フロリダシティ
GN4155966	フォートローダーデール
GN4155988	フォートミード
GN4155995	フォートマイヤーズ
GN4156042	フォートウォルトンビーチ
GN4156404	ゲインズビル
GN4157605	グローブランド
GN4157687	ガルフポート
GN4157827	ハインズシティ
GN4157898	ハランデール・ビーチ
GN4158476	ハイアリア
GN4158865	ホリデー
GN4158928	ハリウッド
GN4159050	ホームステッド
GN4159553	イモカリー
GN4159608	インディアン・ハーバー・ビーチ
GN4159796	インウッド
GN4160021	ジャクソンビル
GN4160610	ジュピター
GN4160705	ケンデール・レイクス
GN4160812	キーウェスト
GN4160983	キシミー
GN4161400	レイクウェールズ
GN4161438	レイクランド
GN4161580	ラルゴ
GN4161659	ローレル
GN4161771	リーズバーグ
GN4162783	ロングウッド
GN4163220	メイトランド
GN4163407	マーゲイト
GN4163971	メルボルン
GN4164047	メンフィス
GN4164138	マイアミ
GN4164143	マイアミビーチ
GN4164167	マイアミガーデンズ
GN4164575	ミネオラ
GN4164601	ミラマー
GN4165069	マウント・ドラ
GN4165565	ネイプルズ
GN4165695	ネプチューンビーチ
GN4165869	ニューポートリッチー
GN4166105	ノースベイビレッジ
GN4166232	ノース・マイアミ
GN4166233	ノースマイアミビーチ
GN4166274	ノースポート
GN4166673	オカラ
GN4166723	オーシャンシティ
GN4167003	オパロッカ
GN4167147	オーランド
GN4167245	オスプレイ
GN4167424	ペイス
GN4167473	パホキー
GN4167499	パームベイ
GN4167505	パームビーチ
GN4167632	パルメット
GN4167694	パナマシティ
GN4167829	パークランド
GN4168139	ペンブロークパインズ
GN4168228	ペンサコーラ
GN4169014	ポンパノビーチ
GN4169060	ポンテベドラ
GN4170894	セントオーガスティン
GN4172131	サラソータ
GN4172173	サテライトビーチ
GN4172434	セミノール
GN4174715	タラハシー
GN4174757	タンパ
GN4174855	ターポンスプリングス
GN4174969	テンプル・テラス
GN4175117	ザ・ハンモックス（フロリダ）
GN4175437	タイタスビル
GN4175626	トレジャーアイランド
GN4176316	バルパライソ
GN4177308	ワネータ
GN4177887	ウェストパームビーチ
GN4178550	ウィンターガーデン
GN4178552	ウィンターヘイブン
GN4178560	ウィンターパーク
GN4179193	アデル
GN4179320	オールバニ
GN4180386	アセンズ
GN4180439	アトランタ
GN4180531	オーガスタ
GN4184165	ブレイセルトン
GN4184845	ブランズウィック
GN4188985	コロンバス
GN4190542	ダロネガ
GN4191124	ディケーター
GN4192205	ダブリン
GN4196586	ゲインズビル
GN4196917	ジョージタウン
GN4207400	メイコン
GN4207783	マリエッタ
GN4209884	モンロー
GN4219762	ローム
GN4221333	サンディスプリングス
GN4221552	サバンナ
GN4226722	トコア
GN4227213	タッカー
GN4228147	バルドスタ
GN4228518	バイニングス
GN4233813	ベルビル
GN4235193	カーボンデール
GN4235587	セントラリア
GN4236206	コロンビア
GN4236895	ディケーター
GN4240540	ヘリン
GN4243131	リッチフィールド
GN4243899	マリオン
GN4244099	マトゥーン
GN4244462	メトロポリス
GN4245336	マーフィーズボロ
GN4245926	オファロン
GN4246595	パーナ
GN4250542	スプリングフィールド
GN4251917	ヴァンダリア
GN4254185	ベイツビル
GN4254679	ブルーミントン
GN4255466	カーメル
GN4255704	チャールズタウン
GN4256038	コロンバス
GN4257227	エバンズビル
GN4257494	フィッシャーズ
GN4258285	グリーンフィールド
GN4259271	ハンティングバーグ
GN4259418	インディアナポリス
GN4263681	リッチモンド
GN4264617	シーモア
GN4264688	シェルビービル
GN4265146	スピードウェイ
GN4265737	テレホート
GN4267354	アビリーン
GN4267661	アーカンザスシティ
GN4269392	シャヌート
GN4269789	コフィーヴィル
GN4271935	ガードナー
GN4272782	ヘイズ
GN4274236	ランシング
GN4274277	ローレンス
GN4274305	レブンワース
GN4274994	マンハッタン
GN4275393	メリアム
GN4275600	ミッション
GN4276017	マルベイン
GN4276614	オレイサ
GN4276816	オタワ
GN4276873	オーバーランドパーク
GN4276974	パークシティ
GN4277011	パーソンズ
GN4277241	ピッツバーグ
GN4278272	カンサス州ローランドパーク
GN4278890	サライナ
GN4280539	トピカ
GN4281730	ウィチタ
GN4282342	アレグザンドリア
GN4282757	アシュランド
GN4283974	ベリア市
GN4285268	ボーリンググリーン
GN4287450	セントラル・シティ
GN4288656	コービン
GN4288809	コビントン
GN4289629	デイトン
GN4291255	アーランガー
GN4291620	ファーン・クリーク
GN4291945	フローレンス
GN4292071	フォート・トーマス
GN4292072	フォート・ライト
GN4292188	フランクフォート
GN4292686	ジョージタウン
GN4294425	ヘブロン
GN4294494	ヘンダーソン
GN4295251	ホプキンスビル
GN4295776	インディペンデンス
GN4297581	ローレンスバーグ
GN4297983	レキシントン
GN4299276	ルイビル
GN4299670	マディソンビル
GN4300725	ミドルタウン
GN4301732	マウント・ワシントン
GN4302035	マレー
GN4302529	ニューポート
GN4302561	ニコラスビル
GN4302910	オークブルック
GN4303436	オーエンズボロ
GN4304232	パイクビル
GN4305504	ラドクリフ
GN4308225	シブリー
GN4313628	ウィルモア
GN4313697	ウィンチェスター
GN4315588	バトンルージュ
GN4316329	ベル・チャス
GN4319030	カレンクロ
GN4321310	クロウリー
GN4321988	デナム・スプリングス
GN4322811	ドナルドソンビル
GN4323900	ユーニス
GN4325150	フランクリン
GN4326868	ハモンド
GN4329753	ケナー
GN4330145	ラファイエット
GN4330236	レイクチャールズ
GN4330525	ルイジアナ州ラプレイス
GN4333177	メテリー
GN4333669	モンロー
GN4333811	モーガン・シティ
GN4335045	ニューオーリンズ
GN4336153	オペルーサス
GN4337775	ポンチャトゥーラ
GN4338298	レースランド
GN4338406	レイン
GN4338615	リザーブ
GN4341007	シュリーバー
GN4341033	スコット
GN4341513	シュリーブポート
GN4341727	スライデル
GN4342429	スプリングヒル
GN4344844	ウォーカー
GN4346788	ザカリー
GN4346913	アバディーン
GN4346991	アデルフィ
GN4347242	アナポリス
GN4347778	ボルチモア
GN4348353	ベルツビル
GN4348599	ベセスダ
GN4349159	ブーイ
GN4349706	ブランズウィック
GN4350175	ケンブリッジ
GN4351871	サラッツヴィル
GN4351951	コールズヴィル
GN4351977	カレッジパーク
GN4352053	コロンビア
GN4352539	クロフトン
GN4352681	カンバーランド
GN4354265	エリコットシティ
GN4355585	フレデリック
GN4355756	フロストバーグ
GN4355843	ゲイザースバーグ
GN4356050	ジャーマンタウン
GN4356847	グリーンベルト
GN4357141	ヘイガーズタウン
GN4357617	ハバディグレイス
GN4358821	ハイアッツビル
GN4360287	ランドーヴァー
GN4360321	ランハム
GN4360369	ローレル
GN4361379	ルーザービル
GN4362001	メイヨー
GN4362743	モンゴメリー・ヴィレッジ
GN4363611	ニューキャロルトン
GN4364312	オーシャンシティ
GN4364727	オーウィングス・ミルズ
GN4364759	オクソンヒル
GN4366001	ポトマック
GN4367175	ロックビル
GN4368711	ソールズベリー
GN4369286	シェイディ・サイド
GN4369571	シルバーヒル
GN4369596	シルバースプリング
GN4370616	スートランド
GN4370890	タコマパーク
GN4371420	ティモニアム
GN4371582	タウソン
GN4372599	ウォルドーフ
GN4373238	ウェストミンスター
GN4374056	ウッドローン
GN4374513	アフトン
GN4375349	オーロラ市
GN4375663	ボールウィン
GN4378219	ブランソン
GN4379644	キャメロン
GN4379966	ケープジラード
GN4381982	コロンビア
GN4385966	エクセルシオール・スプリングス
GN4386387	ファーガソン
GN4386802	フロリサント
GN4387496	フルトン
GN4388460	グランドビュー
GN4389418	ハンニバル
GN4391812	インディペンデンス
GN4392163	ジャクソン
GN4392388	ジェファーソンシティ
GN4392445	ジェニングス
GN4392768	ジョプリン
GN4393217	カンザスシティ
GN4393269	カーニー
GN4393739	カークウッド
GN4394870	リーズ・サミット
GN4394905	ルメイ
GN4398730	モバーリー
GN4402178	オーヴァーランド
GN4402998	ペリービル
GN4403710	プレザント・ヒル
GN4407066	セントルイス
GN4408672	サイクストン
GN4409199	スミスビル
GN4409896	スプリングフィールド
GN4413621	ワシントン
GN4413842	ウェッブ・シティ
GN4413872	ウェブスターグローブス
GN4414001	ウェンツビル
GN4416192	アモリー
GN4417130	ベイツヴィル
GN4418478	ビロクシ
GN4421935	クラークスデール
GN4422106	クリーヴランド
GN4422133	クリントン
GN4428667	ガルフポート
GN4429295	ハッティズバーグ
GN4430400	ホーンレイク
GN4431410	ジャクソン
GN4433039	ローレル
GN4434069	ロングビーチ
GN4434663	マディソン
GN4435764	メリディアン
GN4436743	モスポイント
GN4437982	ナチェズ
GN4440397	パスカグーラ
GN4440413	パスクリスチャン
GN4440837	ペタル
GN4440975	ピカユーン
GN4446675	サウスヘイブン
GN4448903	テューペロ
GN4449620	ヴィックスバーグ
GN4450411	ウェイブランド
GN4450695	ウェストハッティズバーグ
GN4452303	アルベマール
GN4452808	アペックス
GN4453035	アシュボロ
GN4453066	アシュビル
GN4454860	ベルモント
GN4456703	ブーン
GN4458228	バーリントン
GN4459343	カーボロ
GN4459467	ケーリー
GN4460243	シャーロット
GN4460943	クレイトン
GN4461574	コンコード
GN4461696	コノヴァー
GN4462701	カラウィ
GN4464326	ダン
GN4464368	ダーラム
GN4464873	イーデン
GN4465088	エリザベスシティ
GN4466033	ファイエットビル
GN4467485	フキーバリナ
GN4467657	ガーナー
GN4467732	ガストニア
GN4468261	ゴールズボロ
GN4468525	グラハム
GN4469146	グリーンズボロ
GN4469160	グリーンビル
GN4470244	ハブロック
GN4470566	ヘンダーソン
GN4470592	ヘンダーソンビル
GN4470778	ヒッコリー
GN4471025	ハイポイント
GN4471641	ホリースプリングス
GN4471851	ホープミルズ
GN4472370	ハンターズビル
GN4473083	ジャクソンビル
GN4474040	カナポリス
GN4474221	カーナーズビル
GN4474388	キングスマウンテン
GN4474436	キンストン
GN4475347	ローリンバーグ
GN4475640	レノア
GN4475773	レキシントン
GN4477525	ランバートン
GN4478334	マシューズ
GN4478877	メバイン
GN4479946	モンロー
GN4480125	ムーアズビル
GN4480153	モアヘッドシティ
GN4480219	モーガントン
GN4480285	モリスビル
GN4480378	マウント・エアリー
GN4480560	マウント・ホーリー
GN4481682	ニューバーン
GN4482101	ニュートン
GN4487042	ローリー
GN4487682	リーズビル
GN4488232	ロアノークラピッズ
GN4488762	ロッキーマウント
GN4489985	ソールズベリー
GN4490329	サンフォード
GN4491180	シェルビー
GN4492168	スミスフィールド
GN4492722	サザンパインズ
GN4493316	ステイツビル
GN4494513	ターボロ
GN4494942	トマスビル
GN4497290	ウェイクフォレスト
GN4497868	ウェインズビル
GN4499379	ウィルミントン
GN4499389	ウィルソン
GN4499612	ウィンストン・セーラム
GN4500546	アトランティックシティ
GN4500942	ブリッジトン
GN4501018	カムデン
GN4501073	カーニーズ・ポイント
GN4502901	メイプル・シェイド郡区
GN4503351	オーシャンシティ
GN4504048	ソウェル（Sewell）
GN4504476	トムズリバー
GN4504621	バインランド
GN4505542	アセンズ
GN4506008	ビーバークリーク
GN4506487	ベクスレー
GN4507883	キャナル・ウィンチェスター
GN4508722	シンシナティ
GN4508885	クレイトン
GN4509177	コロンバス
GN4509884	デイトン
GN4509986	ディアパーク市
GN4512203	フランクリン
GN4512620	ジャーマンタウン
GN4513057	グランビュー・ハイツ
GN4513575	ハミルトン
GN4514746	ヒューバー・ハイツ
GN4515318	ジャクソン
GN4515813	ケンウッド
GN4516701	リンカーン・ビレッジ
GN4517140	ラブランド
GN4517323	マック
GN4517353	マデイラ
GN4517698	メイソン
GN4518307	ミルフォード
GN4518550	モンロー
GN4519445	ネルソンヴィル
GN4520760	オックスフォード
GN4525353	スプリングフィールド
GN4527879	ウェルストン
GN4528291	ホワイトホール
GN4528463	ウィルミントン
GN4528923	ゼインズビル
GN4530866	ブラックウェル
GN4531405	ブロークンアロー
GN4533738	クリントン
GN4533909	コリンズビル/Collinsville
GN4534659	クッシング
GN4534934	デルシティ/Del City
GN4535740	エドモンド
GN4537641	グレンプール/Glenpool
GN4538577	ヘンリエッタ
GN4540737	ロートン
GN4542975	ムーア
GN4543352	マスタング/Mustang
GN4543733	ノーブル
GN4543762	ノーマン
GN4544349	オクラホマシティ
GN4551177	ショーニー
GN4552215	スティルウォーター
GN4552969	ザ・ビレッジ/The Village
GN4553433	タルサ
GN4554687	ウォーエーカーズ/Warr Acres
GN4557109	チェンバーズバーグ
GN4557137	チェスター
GN4557247	コーツビル
GN4557606	ドレクセル・ヒル
GN4558183	ゲティスバーグ
GN4558475	ハノーバー
GN4558950	ケンジントン
GN4560349	フィラデルフィア
GN4562144	ウェストチェスター
GN4562407	ヨーク
GN4568985	アベビル
GN4569067	エイキン
GN4569298	アンダーソン
GN4570284	ビューフォート
GN4570664	ベリア
GN4573209	カムデン
GN4573888	ケイシー
GN4574324	チャールストン
GN4574989	クレムソン
GN4575028	クリントン
GN4575352	コロンビア
GN4577263	イーズリー
GN4578737	フローレンス
GN4579418	ガフニー
GN4579503	ガーデンシティ
GN4580098	グースクリーク
GN4580543	グリーンビル
GN4580569	グリーンウッド
GN4580599	グリア
GN4581095	ハーディビル
GN4581261	ハーツビル
GN4581832	ヒルトンヘッドアイランド
GN4583057	アイアモ
GN4584322	レイクシティ
GN4585000	レキシントン
GN4586523	モールディン
GN4588165	マウントプレザント
GN4588682	ムレルスインレット
GN4588718	マートルビーチ
GN4589207	ニューベリー
GN4589368	ノースオーガスタ
GN4589387	ノースチャールストン
GN4589446	ノースマートルビーチ
GN4595346	セネカ
GN4595374	セブンオークス
GN4595864	シンプソンビル
GN4596208	ソカスティ
GN4597200	スパータンバーグ
GN4597919	サマービル
GN4600541	ウェストコロンビア
GN4608408	ブレントウッド
GN4608657	ブリストル
GN4612862	チャタヌーガ
GN4613501	クリスティアナ
GN4613868	クラークスビル
GN4620634	エリザベストン
GN4621447	フェアフィールド・グレイド
GN4623560	フランクリン
GN4625282	グッドレッツヴィル
GN4627863	ハリマン
GN4628735	ヘンダーソンヴィル
GN4631291	フンボルト
GN4632595	ジャクソン
GN4632959	ジェファーソンシティ
GN4633419	ジョンソンシティ
GN4634671	キングストン
GN4634946	ノックスビル
GN4635268	レイクランド
GN4636442	ルイスバーグ
GN4639684	マーティン
GN4640736	マッケンジー
GN4641239	メンフィス
GN4641998	ミリントン
GN4644312	マーフリーズボロ
GN4644585	ナッシュビル
GN4646571	オーク・リッジ
GN4658590	スマーナ
GN4661331	スイートウォーター
GN4663494	タラホーマ
GN4669635	アビリーン
GN4670300	アレン
GN4670871	アンナ
GN4671240	アーリントン
GN4671654	オースティン
GN4672731	ベイタウン
GN4672989	ボーモント
GN4676327	ブリッジポート
GN4676740	ブラウンズビル
GN4677008	ブライアン
GN4677551	バールソン
GN4679195	キャロルトン
GN4679867	シーダーパーク
GN4679944	セリナ
GN4682032	クリーヴランド
GN4682464	カレッジステーション
GN4682478	コリーヴィル
GN4682762	コマース
GN4683244	カッペラス・コーヴ
GN4683416	コーパスクリスティ
GN4684888	ダラス
GN4685617	ディケーター
GN4685892	デニソン
GN4685907	デントン
GN4686163	ディキンソン
GN4686593	ドナ
GN4687331	ダンカンビル
GN4688275	エディンバーグ
GN4688756	エルギン
GN4689311	エニス
GN4690257	フェイト
GN4691930	フォートワース
GN4692279	フレデリックスバーグ
GN4692355	フリーポート
GN4692559	フリスコ
GN4692883	ガルベストン
GN4693003	ガーランド
GN4693621	グレードウォーター
GN4694482	グランドプレーリー
GN4694568	グレープヴァイン
GN4695317	グローヴズ
GN4696233	ハーリンジェン
GN4697330	ヒューイット
GN4699066	ヒューストン
GN4699442	ハンブル
GN4700033	イングルサイド
GN4700168	アービング
GN4700550	ジャクソンビル
GN4702732	ケイティ
GN4703223	キリーン
GN4703811	カイル
GN4704027	ディッキンソン高等学校
GN4705349	ラレド
GN4705692	リーグシティ
GN4706057	ルイスビル
GN4706736	リトル・エルム
GN4707173	リヴィングストン
GN4707814	ロングビュー
GN4708328	ランバートン
GN4709090	マーブルフォールズ
GN4709272	マーシャル
GN4709796	マッカレン
GN4710178	マッキニー
GN4710574	メリッサ
GN4710826	メスキート
GN4711156	ミッドロジアン
GN4711725	ミッション
GN4713932	ネダーランド
GN4714131	ニューブローンフェルズ
GN4717782	パサデナ
GN4719457	プレイノ
GN4719720	プレザントン
GN4720039	ポートアーサー
GN4720060	ポートイザベル
GN4720067	ポートラバカ
GN4720131	ポートランド
GN4720789	プログレッソ
GN4721921	レッドオーク
GN4722625	リチャードソン
GN4723165	ロビンソン
GN4723212	ロブスタウン
GN4723914	ローゼンバーグ
GN4724129	ラウンドロック
GN4724241	ロイズシティ
GN4724642	サギノー
GN4726206	サンアントニオ
GN4726290	サンベニート
GN4726440	サン・フアン
GN4726491	サンマルコス
GN4727022	サンタ・フェ
GN4728328	シャーマン
GN4734825	シュガーランド
GN4735702	テイラー
GN4735966	テンプル
GN4736028	テレル
GN4736096	テクサーカナ
GN4736134	テキサスシティ
GN4736476	ザ・ウッドランズ
GN4737094	トムボール
GN4738214	タイラー
GN4739157	ビクトリア
GN4739526	ウェーコ
GN4740423	ウェブスター
GN4740629	ウェスラコ
GN4741752	ウィチタフォールズ
GN4742170	ウィリス
GN4744091	アレクサンドリア
GN4744709	アーリントン
GN4744870	アッシュバーン
GN4745272	ベイリーズ・クロスローズ
GN4746265	ベッドフォード
GN4747845	ブラックスバーグ
GN4748993	ブリストル
GN4749715	ブエナビスタ
GN4752031	シャーロッツビル
GN4752186	チェサピーク
GN4752229	チェスター
GN4752665	クリスチャンズバーグ
GN4753671	コロニアルハイツ
GN4754358	コビントン
GN4754901	クローゼー
GN4754966	カルペパー
GN4755280	ダンビル
GN4756736	ダンローリング
GN4757673	エンポリア
GN4758023	フェアファックス
GN4758102	フェアファックス・ステーション
GN4758390	フォールズチャーチ
GN4759986	フランクリン
GN4760059	フレデリックスバーグ
GN4760363	ゲインズヴィル
GN4760376	ゲイラクス
GN4761951	グレート・フォールズ
GN4762894	ハンプトン
GN4763231	ハリソンバーグ
GN4764534	ホリンズ
GN4764826	ホープウェル
GN4769339	レキシントン
GN4769608	リンカニア
GN4770714	ロートン
GN4771075	リンチバーグ
GN4771401	マナサス
GN4771414	マナサスパーク
GN4771808	マーティンズビル
GN4772354	マクリーン
GN4776222	ノーフォーク
GN4776472	ノース・スプリングフィールド
GN4776970	フェアファックス郡
GN4778626	ピーターズバーグ
GN4779923	ポコソン
GN4779999	ポーツマス
GN4780837	ラドフォード
GN4781530	レストン
GN4781708	リッチモンド
GN4782167	ロアノーク
GN4782988	ロスリン
GN4784112	セイラム
GN4787117	スプリングフィールド
GN4787440	スタントン
GN4788158	サフォーク
GN4791160	ヴィーナ
GN4791259	バージニアビーチ
GN4792522	ウェインズボロ
GN4793846	ウィリアムズバーグ
GN4794120	ウィンチェスター
GN4794814	ウィンダム
GN4799622	ブルーフィールド
GN4800195	ブルックヘイヴン
GN4801859	チャールストン
GN4801895	チートレイク
GN4802316	クラークスバーグ
GN4804563	ダンバー
GN4805033	エルキンズ
GN4805404	フェアモント
GN4809537	ハンティントン
GN4813878	マーティンズバーグ
GN4815352	モーガンタウン
GN4817641	パーカーズバーグ
GN4822764	サウスチャールストン
GN4825976	ビエナ
GN4829307	ベイシティ
GN4830198	アニストン
GN4830455	アラブ
GN4830796	オーバーン
GN4831969	コスコブ
GN4831990	カントン
GN4832294	リビア
GN4832353	ダンベリー
GN4832425	ダリアン
GN4832458	ロックランド
GN4832554	インクスター
GN4832745	ダービー
GN4833276	ウォーターブリート
GN4833403	イーストハートフォード
GN4834040	エンフィールド
GN4834157	フェアフィールド
GN4835395	グリニッジ
GN4835461	グロトン
GN4835654	ハムデン
GN4835797	ハートフォード
GN4837222	ケンジントン
GN4838174	マンチェスター
GN4838524	メリデン
GN4838633	ミドルタウン
GN4838652	ミルフォード
GN4839292	ニューブリテン
GN4839366	ニュー・ヘイヴン
GN4839416	ニュー・ロンドン
GN4839822	ノーウォーク
GN4839843	ノーウィッチ
GN4839983	オールド・グリニッジ
GN4841187	パットナム
GN4841527	リバーサイド
GN4842898	シェルトン
GN4843378	サジントン
GN4843564	スタンフォード
GN4843811	ストラトフォード
GN4844309	トリントン
GN4845056	ウォリングフォード
GN4845193	ウォーターベリー
GN4845411	ウエストハートフォード
GN4845419	ウェストヘイブン
GN4845823	ウィリマンティック
GN4845920	ウィンザー
GN4845953	ウィンステッド
GN4846834	エイムズ
GN4846960	アンケニー
GN4850699	シーダー・フォルス
GN4850751	シーダーラピッズ
GN4852832	カウンシルブラフス
GN4853423	ダベンポート
GN4853828	デモイン
GN4859343	グリネル
GN4862034	アイオワシティ
GN4862760	ジョンストン （アイオワ州）
GN4863349	キオカック
GN4866371	マーシャルタウン
GN4869760	エルウェイン
GN4870239	オスカルーサ
GN4876510	スー・センター
GN4876523	スーシティ
GN4880889	ウォータールー
GN4881346	ウェストデモイン
GN4882259	ウィンターセット
GN4883555	アーリントンハイツ
GN4884192	バタヴィア
GN4884282	ベアーズタウン
GN4884597	バーウィン
GN4885164	ブルーミントン
GN4885186	ブルーアイランド
GN4885955	バッファローグローブ
GN4887158	シャンペーン
GN4887398	シカゴ
GN4887442	シカゴハイツ
GN4888015	シセロ
GN4889426	ダンビル
GN4889447	ダリエン
GN4889553	ディカルブ
GN4890864	エルジン
GN4891010	エルムハースト
GN4891382	エヴァンストン
GN4893392	ゲイルズバーグ
GN4893581	ジェネセオ
GN4895282	ハーバード
GN4895298	ハーヴィー
GN4895767	ヒッコリーヒルズ
GN4895876	ハイランド・パーク
GN4896075	ホフマンエステーツ
GN4898433	キウォニー
GN4899012	レイクフォレスト
GN4899340	ランシング
GN4899911	リンカーン・パーク
GN4901164	マレンゴ
GN4901229	マーカム
GN4901514	メイウッド
GN4901944	メンドータ
GN4903279	ネイパービル
GN4903360	ニアー・ノース・サイド
GN4904286	オーク・フォレスト
GN4905259	パロスハイツ
GN4905263	ポロス・ヒルズ
GN4905334	パークシティ
GN4905367	パーク・リッジ
GN4905687	ピオリア
GN4906143	プラノ
GN4907863	ロシェル
GN4907898	ロック・フォールズ
GN4907959	ロックフォード
GN4908737	セイント・チャールズ
GN4910543	サンドウィッチ
GN4910713	シャンバーグ
GN4911830	サウス・ベロイト
GN4912303	スプリング・バレー
GN4914557	アップタウン
GN4914570	アーバナ
GN4915734	ウォキーガン
GN4916975	ウッド・デイル
GN4917358	ザイオン
GN4919857	イースト・シカゴ
GN4919987	エルクハート
GN4920041	エルウッド
GN4920423	フォートウェイン
GN4920600	ギャレット
GN4920607	ゲーリー
GN4921100	ハモンド
GN4922252	ケンドールヴィル
GN4922388	コーコモー
GN4922462	ラファイエット
GN4923531	ミシガンシティ
GN4923914	マウントバーノン
GN4924006	マンシー
GN4924104	ニューヘイブン
GN4924198	ノーブルズビル
GN4926563	サウスベンド
GN4927537	ヴァルパレーゾ
GN4928096	ウェストラファイエット
GN4928720	アクシュネット
GN4928788	アガワム
GN4928934	オールストン
GN4929004	エイムズベリー
GN4929022	アマースト
GN4929055	アンドーバー
GN4929180	アーリントン
GN4929256	アッシュバーナム
GN4929399	アトルボロ
GN4929532	バックベイ
GN4929771	バーンスタブル
GN4930183	ベッドフォード
GN4930505	ビヴァリー
GN4930577	ビレリカ
GN4930956	ボストン
GN4931303	ブリッジウォーター
GN4931429	ブロックトン
GN4931482	ブルックライン
GN4931972	ケンブリッジ
GN4932005	ケンブリッジポート
GN4932819	チャールズタウン
GN4932879	チェルシー
GN4933002	チコピー
GN4933743	コンコード
GN4934500	ダンバース
GN4934664	デダム
GN4935582	イーストハンプトン
GN4935623	イーストン
GN4936008	エバレット
GN4936159	フォールリバー
GN4936812	フィッチバーグ
GN4937222	フォックスボロ
GN4937230	フレイミンガム
GN4937276	フランクリン
GN4937557	ガードナー
GN4937829	グロスター
GN4938048	グラフトン
GN4938378	グリーンフィールド
GN4938738	ハンプトン
GN4939085	ヘイブリル
GN4939783	ホルヨーク
GN4940190	ハイアニス
GN4941720	ローレンス
GN4941835	レスター
GN4941873	レミンスター
GN4941935	レキシントン
GN4942021	リンカーン
GN4942618	ローウェル
GN4942807	リン
GN4942939	モールデン
GN4943097	マーブルヘッド
GN4943170	マールボロ
GN4943426	マタパン
GN4943629	メドフォード
GN4943828	マスーアン
GN4944122	ミルベリー
GN4944994	ネイティック
GN4945121	ニューベッドフォード
GN4945256	ニューベリーポート
GN4945283	ニュートン
GN4945486	ノースアダムズ
GN4945497	北アマースト
GN4945819	ノーサンプトン
GN4946620	パーマー
GN4946863	ピーボディ
GN4947459	ピッツフィールド
GN4947597	プリマス
GN4948247	クインシー
GN4948403	ランドルフ
GN4948470	リードビル
GN4950065	セイラム
GN4950898	シュルーズベリー
GN4951257	サマービル
GN4951594	サウスブリッジ
GN4951788	スプリングフィールド
GN4952320	サドベリー
GN4952468	スワンプスコット
GN4952629	トーントン
GN4953804	アクスブリッジ
GN4954380	ウォルサム
GN4954611	ウォータータウン
GN4955089	ウェストスプリングフィールド
GN4955128	ウエストロクスベリー
GN4955190	ウェストフィールド
GN4955259	ウェストン
GN4955336	ウェイマス
GN4955840	ウィルミントン
GN4955993	ウィンスロップ
GN4956032	ウーバン
GN4956184	ウースター
GN4956976	オーバーン
GN4957003	オーガスタ
GN4957280	バンゴー
GN4957570	バス
GN4957956	ベルファスト
GN4958141	ビデフォード
GN4959233	ブルワー
GN4959473	ブランズウィック
GN4959799	バクストン
GN4960140	カリブー
GN4963692	エルスワース
GN4965079	ガーディナー
GN4965481	ゴーラム
GN4967563	ホールトン
GN4968729	ケネバンク
GN4969398	ルイストン
GN4974194	オールドオーチャードビーチ
GN4974231	オールドタウン
GN4974313	オロノ
GN4974617	パリス
GN4975802	ポートランド
GN4975966	プレスクアイル
GN4977222	ソコー
GN4977762	サンフォード
GN4978701	スカウヒーガン
GN4979244	サウスポートランド
GN4982236	ウォータービル
GN4982753	ウェストブルック
GN4983322	ウィンスロー
GN4983905	アルビオン
GN4984049	アルマ
GN4984247	アナーバー
GN4984565	オーバーンヒルズ
GN4985153	バトルクリーク
GN4985180	ベイシティ
GN4985711	ベントン・ハーバー
GN4985744	バークリー
GN4986172	バーミンガム
GN4989005	クローソン
GN4989432	コムストック・パーク
GN4990510	ディアボーン
GN4990729	デトロイト
GN4991111	ドゥワジャック
GN4991640	イーストランシング
GN4991735	イーストポイント
GN4991740	イーストウッド
GN4991753	イートン・ラピッズ
GN4991791	エコース
GN4992519	ファーミントン
GN4992523	ファーミントン・ヒルズ
GN4992612	フェントン
GN4992635	ファーンデール
GN4992982	フリント
GN4993321	フランケンムート
GN4993369	フレイザー
GN4993659	ガーデンシティ
GN4994358	グランドラピッズ
GN4994763	グリーンビル
GN4994862	グロスポイント
GN4994864	グロース・ポワント・ファームズ
GN4995197	ハムトラムク
GN4995664	ヘーゼルパーク
GN4996017	ハイランドパーク
GN4996248	ホランド
GN4996306	ホルト
GN4997249	アイアンウッド
GN4997384	ジャクソン
GN4997787	カラマズー
GN4998018	ケントウッド
GN4998830	ランシング
GN4999311	リンカンパーク
GN5000500	マディソンハイツ
GN5000947	マーケット
GN5003514	ナイルズ
GN5003956	ノースヴィル
GN5004062	ノバイ
GN5004188	オークパーク
GN5006059	プリマス
GN5006166	ポンティアック
GN5006233	ポートヒューロン
GN5006250	ポーテージ
GN5007141	リッチモンド
GN5007323	ミシガン州リバービュー
GN5007400	ロチェスター
GN5007402	ロチェスターヒルズ
GN5007436	ロックフォード
GN5007531	ロームラス
GN5007655	ローズビル
GN5007804	ロイヤル・オーク
GN5007989	サギノー
GN5009004	スーセントマリー
GN5010548	サウスライオン
GN5010636	サウスフィールド
GN5011148	スターリングハイツ
GN5011428	スタージス
GN5011908	テイラー
GN5012194	スリーリバース
GN5012495	トラバースシティ
GN5012521	トレントン
GN5012639	トロイ
GN5013924	ウォーカー
GN5013961	ミシガン州Walled Lake
GN5014051	ウォーレン
GN5014224	ウェイン
GN5014681	ウェストランド
GN5015351	ウィクソム
GN5015618	ワイオミング
GN5015688	イプシランティ
GN5015701	ジーランド
GN5016374	アンドーヴァー
GN5016494	アップルバレー
GN5016553	アーデンヒルズ
GN5016884	オースティン
GN5018739	ブルーミントン
GN5019335	ブルックリンパーク
GN5019767	バーンズビル
GN5020859	チャンプリン
GN5020881	チャンハッセン
GN5021632	クロケット
GN5022025	クーン・ラピッズ
GN5022050	コーコラン
GN5022134	コテージグローブ
GN5024719	ダルース
GN5024825	イーガン
GN5024937	イースト・ベセル
GN5024996	イーストグランドフォークス
GN5025219	イーデン・プレーリー
GN5025264	イーダイナ
GN5026251	ファルコン・ハイツ
GN5027482	フリドリー
GN5028163	ゴールデンバレー
GN5030005	ヒビング
GN5030670	ホプキンズ
GN5030884	ヒューゴ
GN5030977	ハッチンソン
GN5031412	インバー・グローブ・ハイツ
GN5033727	レイク・シティ
GN5034059	レイクヴィル
GN5034767	ライノー・レイクス
GN5036295	マトミディ
GN5036493	メイプル・グローヴ
GN5037186	メディナ
GN5037649	ミネアポリス
GN5037784	ミネトンカ
GN5037793	ミネトリスタ
GN5038348	マウンド
GN5039080	ニュー・ブライトン
GN5039094	ニューホープ
GN5039675	ノースフィールド
GN5039857	オーク・グローヴ
GN5040332	オロノ
GN5041926	プリマス
GN5043473	ロチェスター
GN5043608	ロジャーズ
GN5043779	ローズマウント
GN5043799	ローズヴィル
GN5045360	セントポール
GN5046038	ソーク・ラピッズ
GN5046063	サヴェージ
GN5047236	ショアウッド
GN5048361	スプリング・レイク・パーク
GN5048796	スチュワートビル
GN5051387	ビクトリア
GN5051468	ヴァージニア
GN5052658	ホワイトベアレイク
GN5053156	ウィノナ
GN5056172	メリービル
GN5059163	ファーゴ
GN5059429	グランドフォークス
GN5062458	ウェストファーゴ
GN5063805	ベルビュー
GN5066435	クリート
GN5069297	グランドアイランド
GN5069480	グレトナ
GN5069802	ヘイスティングズ
GN5071348	カーニー
GN5072006	リンカーン
GN5073965	ノーフォーク
GN5074472	オマハ
GN5083221	ベドフォード
GN5083330	バーリン
GN5084633	クレアモント
GN5084868	コンコード
GN5085374	デリー
GN5085520	ドーバー
GN5085618	ダーラム
GN5085966	エクセター
GN5086344	フランクリン
GN5087110	ハンプトン
GN5087639	ホプキントン
GN5087752	ハドソン
GN5088262	キーン
GN5088438	ラコニア
GN5088597	レバノン
GN5088753	リッチフィールド
GN5088905	ロンドンデリー
GN5089178	マンチェスター
GN5089478	メリマック
GN5089578	ミルフォード
GN5090046	ナシュア
GN5090918	ペンブルック
GN5091383	ポーツマス
GN5091872	ロチェスター
GN5092268	セイラム
GN5092813	サマーズワース
GN5094817	ウィンダム
GN5095409	バスキン・リッジ
GN5095445	ベイヨン
GN5096699	クリフトン
GN5097459	イーストラザフォード
GN5097529	エジソン
GN5097598	エリザベス
GN5098135	フォートリー
GN5098706	ハッケンサック
GN5098781	ハミルトン・スクエア
GN5098945	ヒースコート
GN5099133	ホーボーケン
GN5099738	イゼリン
GN5099836	ジャージーシティ
GN5099967	カーニー
GN5100280	レイクウッド
GN5100506	リンデン
GN5100619	ロングブランチ
GN5101170	ミドルタウン
GN5101427	モリスタウン
GN5101717	ニューブランズウィック
GN5101798	ニューアーク
GN5102387	パラマス
GN5102443	パセーイク
GN5102466	パターソン
GN5102578	パースアンボイ
GN5102720	プレインフィールド
GN5102922	プリンストン
GN5104630	ショートヒルズ
GN5104755	ソメルセット
GN5104784	サウスアンボイ
GN5105496	トレントン
GN5105634	ユニオンシティ
GN5105722	アッパーモントクレア
GN5106184	ウィーホーケン
GN5106365	ニュージャージー州ホイッパニー
GN5106645	ヨークタウン
GN5106834	オールバニ
GN5106857	アルバートソン
GN5107129	アムハースト
GN5107152	アムステルダム
GN5107505	オーバーン
GN5107771	ボールドウィン・ハーバー
GN5108093	バタビア
GN5108169	ベイ・ショア
GN5108193	ベイサイド
GN5108219	ビーコン
GN5108683	ベル・ハーバー
GN5108707	ベルモア
GN5108815	ベンソンハースト地区
GN5109177	ビンガムトン
GN5109479	ブラーベルト
GN5109790	バラ・パーク
GN5110077	ウェスト・ブレントウッド
GN5110108	ブライアクリフマナー
GN5110302	ブルックリン区
GN5110446	ブラウンズヴィル
GN5110629	バッファロー
GN5110918	ブッシュウィック
GN5111141	カンブリア・ハイツ
GN5111405	カナンデイグア
GN5112038	センターポート
GN5112078	セントラル・アイスリップ
GN5112540	チャイナタウン
GN5113142	コーホーズ
GN5113223	コールド・スプリング・ハーバー
GN5113302	カレッジ・ポイント
GN5113412	コマック
GN5113481	コニーアイランド
GN5113500	コンガーズ
GN5113760	コーニング
GN5113790	コートランド
GN5114731	ディアーパーク
GN5115107	ハーフ・ホロウ・ヒルズ
GN5115123	ドブス・フェリー
GN5115495	ダンカーク
GN5115838	イースト・ファーミングデール
GN5115960	ニューヨーク市
GN5115974	イースト・モリシェズ
GN5116063	イーストショアハム
GN5116083	イースト・トレモント
GN5116093	イースト・ヴィレッジ
GN5116495	エルムハースト
GN5116497	エルマイラ
GN5116508	エルモント
GN5116550	エルウッド
GN5116602	エンディコット
GN5116917	ファーロッカウェイ
GN5117891	フランクリン・スクウェア
GN5118136	フルトン
GN5118626	グレンコーブ
GN5118693	グレンズフォールズ
GN5118743	グラバーズヴィル
GN5119405	グリーンヴィル
GN5119899	ハンプトン
GN5120034	ハーレム
GN5120228	ホーポグ
GN5120238	ハベストロー
GN5120656	ヒックスヴィル
GN5120741	ハイランド
GN5120797	ヒルクレスト
GN5121163	ホルツビル
GN5121666	ハンツ・ポイント
GN5122279	インウッド
GN5122280	インウッド
GN5122432	イサカ
GN5122477	ジャクソン・ハイツ
GN5122520	ジャマイカ地区
GN5122534	ジェームズタウン
GN5122638	ジェリコ
GN5123477	キングストン
GN5123718	ラッカワナ
GN5124045	ラッサム
GN5124078	ローレルトン
GN5124276	レビットタウン
GN5125011	ロックポート
GN5125086	ロングビーチ
GN5125657	メイアパック
GN5125766	ニューヨーク州マナセット
GN5126180	マスペス
GN5126510	メカニックビル
GN5126555	メルヴィル
GN5126827	ミドル・ヴィレッジ
GN5126842	ミドルタウン
GN5127134	ミネオラ
GN5127315	モンゼイ
GN5127741	マウント・アイビー
GN5127835	マウント・ヴァーノン
GN5128266	ナニュエット
GN5128481	ニュー・シティ
GN5128490	ニュー・ドープ
GN5128549	ニューロシェル
GN5128581	ニューヨーク
GN5128654	ニューバーグ
GN5128723	ナイアガラフォールズ
GN5129245	ノーストナワンダ
GN5129433	ナイアック
GN5129603	オーシャン・サイド
GN5129626	オグデンスベルグ
GN5129662	オールド・ベスページ
GN5129837	オナイダ
GN5129852	オニオンタ
GN5130081	オスウェゴ
GN5130334	オゾン・パーク
GN5130780	パール・リバー
GN5130831	ピークスキル
GN5131628	プレインエッジ
GN5131692	プラッツバーグ
GN5132016	ポート・ジャービス
GN5132143	ポキプシー
GN5133279	クイーンズベリー
GN5133640	レゴ・パーク地区
GN5133667	レンセラー
GN5133825	ダントン
GN5133917	リバーデイル
GN5133926	リバーヘッド
GN5134086	ロチェスター
GN5134235	ロッキーポイント
GN5134257	ロエスルビル
GN5134295	ローム
GN5134323	ローズヴェルト
GN5134395	ローズデール
GN5134420	ロズリン・ハイツ
GN5134693	ライ
GN5136334	サラトガスプリング
GN5136454	スケネクタディ
GN5137507	シーフォード
GN5138022	シャーリー
GN5139287	スプリングフィールド・ガーデンズ
GN5139301	スプリング・バレー
GN5140072	サファーン
GN5140405	シラキューズ
GN5140532	タッパン
GN5140789	シールス
GN5141165	トンプキンスヴィル
GN5141502	トロイ
GN5141927	ユニオンデール
GN5142036	アッパー・ウエスト・サイド
GN5142056	ユーティカ
GN5143307	ワシントンハイツ
GN5143396	ウォータータウン
GN5143620	ウェスト・オルバニー
GN5143630	ウェストバビロン
GN5143832	ウェスト・ヘンプステッド
GN5143966	ウェストポイント
GN5144336	ホワイト・プレインズ
GN5145005	ウッドローン
GN5145028	ウッドメア
GN5145215	ヨンカーズ
GN5145476	アクロン
GN5145607	アライアンス
GN5145695	アマースト
GN5146089	アシュタビューラ
GN5146233	オ一ロラ
GN5146491	バーバートン
GN5146675	ベイ・ヴィレッジ
GN5146831	ベッドフォード
GN5146978	ベルヴュー
GN5149149	キャンベル
GN5149205	キャンフィールド
GN5150529	クリーブランド
GN5150651	クライド
GN5150792	コリンウッド
GN5150851	コロンビアナ
GN5151613	カヤホガフォールズ
GN5151861	ディファイアンス
GN5151891	デラウェア
GN5151941	デルフォス
GN5152243	ドーバー
GN5152333	ダブリン
GN5152599	東クリーブランド
GN5153207	エリリア
GN5153420	ユークリッド
GN5153924	フィンドレー
GN5154905	フォストリア
GN5155755	ジラード
GN5158164	ハドソン
GN5158298	ヒューロン
GN5160315	レイクウッド
GN5160622	ルイスセンター
GN5160783	ライマ
GN5161262	ロレイン
GN5161539	マケドニア
GN5161723	マンスフィールド
GN5161803	メイプル・ハイツ
GN5162044	マーティンズ・フェリー
GN5162077	メアリーズビル
GN5162097	マシロン
GN5162137	モーミー
GN5164466	ニューアーク
GN5164582	ナイルズ
GN5164706	ノース・カントン
GN5164916	ノースロイヤルトン
GN5165445	オーバリン
GN5165635	オルムステッド・フォールズ
GN5166177	パーマ
GN5166516	ペリーズバーグ
GN5166819	ピクア
GN5168063	リッチモンド・ハイツ
GN5168491	ロッキー・リヴァー
GN5169796	セントメリース
GN5170511	セーレム
GN5171657	セブンヒルズ
GN5171868	シェルビー
GN5172387	ソロン
GN5173048	スチューベンビル
GN5173171	ストー
GN5173237	オハイオ州ストロングズヴィル
GN5174035	トレド
GN5175496	ワズワース
GN5175847	ウォーターヴィル
GN5176472	ウェスターヴィル
GN5176517	ウェストレイク
GN5176830	ウィラード
GN5176937	ウィロビー
GN5177358	ウースター
GN5177396	ワージントン
GN5177568	ヤングスタウン
GN5177773	アビントン
GN5178127	アレンタウン
GN5178195	アルトゥーナ
GN5178686	オーデュボン
GN5178892	バラ・キンウッド
GN5179478	ビーバーフォールズ
GN5179995	ベンセイラム
GN5180225	ベスレヘム
GN5180961	ブルーベル
GN5181407	ブラッドフォード
GN5182534	バトラー
GN5183204	カーボンデール
GN5183234	カーライル
GN5184396	クレアトン
GN5185237	コネルズビル
GN5185490	コリー
GN5187432	ドゥボイズ
GN5187542	ダンモア
GN5187905	イーストフォールズ
GN5188008	イースト・オーク・レーン
GN5188140	イーストン
GN5188546	エルキンズ・パーク
GN5188843	エリー
GN5190219	フォックスチェイス地区
GN5190311	フランクフォード
GN5191327	グレンサイド
GN5192029	グリーンズバーグ
GN5192726	ハリスバーグ
GN5193011	ヘイズルトン
GN5193342	ハーシー
GN5194868	インディアナ
GN5195561	ジョンズタウン
GN5196245	キングストン
GN5196605	カルプスヴィル
GN5197079	ランカスター
GN5197159	ランスデール
GN5197517	レバノン
GN5200499	マッキーズポート
GN5201031	ミドルタウン
GN5201470	ミルトン
GN5201734	モンロービル
GN5201776	モンゴメリービル
GN5202114	マウント・カーメル
GN5202855	ナンティコーク
GN5203127	ニューキャッスル
GN5203211	ニューケンジントン
GN5203506	ノリスタウン
GN5204278	オイル・シティ
GN5206379	ピッツバーグ
GN5206397	プリッツトン
GN5206606	プラム
GN5206666	プリマス・ミーティング
GN5207069	ポッツタウン
GN5207080	ポッツビル
GN5207728	レディング
GN5211303	スクラントン
GN5211622	シャモキン
GN5211683	シャロン
GN5213681	ステートカレッジ
GN5214814	サンベリー
GN5215064	スイスヴェール
GN5215726	タイタスヴィル
GN5218069	ワシントン
GN5218270	ウェイン
GN5218802	ウェストミフリン
GN5219287	ホワイトホール郡区
GN5219488	ウィルクスバリ
GN5219501	ウィルキンスバーグ
GN5219585	ウィリアムズポート
GN5219619	ウィローグローブ
GN5220221	ウィンドムア
GN5220798	バーリントン
GN5221077	ブリストル
GN5221341	セントラルフォールズ
GN5221384	チャールズタウン
GN5221637	コベントリー
GN5221659	クランストン
GN5221703	カンバーランド
GN5221875	イーストグリニッジ
GN5221931	イースト・プロヴィデンス
GN5222019	エクセター
GN5222680	ホプキントン
GN5222866	ジェームズタウン
GN5223358	ミドルタウン
GN5223505	ナラガンセット
GN5223593	ニューポート
GN5223672	ノースキングスタウン
GN5223681	ノースプロビデンス
GN5223687	ノース・スミスフィールド
GN5223869	ポータケット
GN5224082	ポーツマス
GN5224151	プロビデンス
GN5224949	スミスフィールド
GN5225245	ティバートン
GN5225502	ウォーレン
GN5225507	ウォリック
GN5225627	ウェストウォリック
GN5225631	ウェスタリー
GN5225809	ウーンソケット
GN5225857	アバディーン
GN5226489	ブランドン
GN5226534	ブルッキングズ
GN5228340	ハリスバーグ
GN5231851	スーフォールズ
GN5232741	ウォータータウン
GN5233500	バリ
GN5233742	ベニントン
GN5234141	ブラトルボロ
GN5234372	バーリントン
GN5235024	コルチェスター
GN5236879	ハートフォード
GN5238685	モントピリア
GN5240509	ラトランド
GN5241248	サウスバーリントン
GN5243081	ウィヌースキー
GN5244080	アップルトン
GN5245387	ベロイト
GN5246835	ブルックフィールド
GN5248171	シーダーバーグ
GN5250399	デラヴァン
GN5251436	オークレア
GN5252182	エバンズビル
GN5253352	フォンデュラク
GN5254404	グレンデール
GN5254962	グリーンベイ
GN5257754	ジェーンズビル
GN5258393	ケノーシャ
GN5258957	ラクロス
GN5259169	レイク・ジェニーバ
GN5261457	マディソン
GN5261585	マニトワック
GN5261969	マーシュフィールド
GN5262596	メナシャ
GN5262634	メノモニー
GN5263045	ミルウォーキー
GN5264455	ニュー・ロンドン
GN5265499	オコノモウォック
GN5265838	オシュコシュ
GN5267332	プラットヴィル
GN5268249	ラシーン
GN5268798	ライスレイク
GN5268955	リポン市
GN5268986	リバーフォールズ
GN5272893	シボイガン
GN5272907	シボイガン・フォールズ
GN5275191	スペリオル
GN5275871	トーマ
GN5276609	トゥーリヴァース
GN5278052	ウォキショー
GN5278422	ウエストベンド
GN5278931	ホワイトウォーター
GN5280814	ウィアトン
GN5280854	ホイーリング
GN5281551	アンソニア
GN5282804	ブリッジポート
GN5282835	ブリストル
GN5284756	フィルモア
GN5287262	バックアイ
GN5289282	チャンドラー
GN5290663	クーリッジ
GN5293996	エル・ミラージュ
GN5294810	フラッグスタッフ
GN5295903	ギルバート
GN5295985	グレンデール
GN5296266	グッドイヤー
GN5296802	グリーンバレー
GN5301067	キングマン
GN5301388	レイクハバスシティ
GN5302053	リッチフィールド・パーク
GN5303752	マリコパ
GN5304391	メサ
GN5307778	ページ
GN5308480	ピオリア
GN5308655	フェニックス
GN5309842	プレスコット
GN5312476	サフォード
GN5313457	スコッツデール
GN5313667	セドナ
GN5314328	シエラビスタ
GN5316201	サンシティ
GN5316428	サプライズ
GN5317058	テンピ
GN5317663	トルソン
GN5318313	ツーソン
GN5321473	ウィンスロー
GN5322053	ユマ
GN5322737	アラメダ
GN5322794	アラモ
GN5322850	オルバニー
GN5323163	アリソ・ビエホ
GN5323401	アルパイン
GN5323525	アルタディーナ
GN5323810	アナハイム
GN5324200	アンティオック
GN5324477	アルカディア
GN5324862	アーテジア
GN5325011	アシュランド
GN5325147	アザートン
GN5325187	アトウォーター
GN5325223	オーバーン
GN5325423	アズサ
GN5325738	ベーカーズフィールド
GN5325866	ボールドウィンパーク
GN5326297	バーストウ
GN5327098	ボーモント
GN5327298	ベル
GN5327319	ベル・ガーデンズ
GN5327422	ベルフラワー
GN5327684	バークリー
GN5328041	ビバリーヒルズ
GN5328152	ビッグ・ベア・シティー
GN5328163	ビッグベアレイク
GN5329649	ブライス
GN5330567	ブローリー
GN5330642	ブレントウード
GN5331575	ブエナパーク
GN5331835	バーバンク
GN5331920	バーリンゲーム
GN5332748	カリフォルニア・シティ
GN5332929	カリパトリア
GN5332937	カリストガ
GN5333180	カマリロ
GN5333689	キャンベル
GN5334096	キャピトーラ
GN5334223	カールスバッド
GN5334423	カーピンテリア
GN5334519	カーソン
GN5336269	チコ
GN5336537	チノ
GN5336667	チャウチラ
GN5336899	チュラビスタ
GN5337696	クレアモント
GN5337841	クレイトン
GN5337908	クリアレイク
GN5338122	クローヴィス
GN5338196	カリフォルニア州のコアリンガ
GN5338783	コルトン
GN5338866	コルサ
GN5338929	コマース
GN5339066	コンプトン
GN5339111	コンコード
GN5339539	コーコラン
GN5339631	コロナ
GN5339766	コートマデラ
GN5339840	コスタメサ
GN5339865	コタッティ
GN5339873	コト・デ・カザ
GN5341051	カダヒー
GN5341114	カルバーシティ
GN5341145	クパチーノ
GN5341256	サイプレス
GN5341430	デイリーシティ
GN5341483	デイナポイント
GN5341531	ダンビル
GN5341704	デイビス
GN5342485	デラノ
GN5342522	デリー
GN5343171	ディヌーバ
GN5343202	ディスカバリー・ベイ
GN5343728	ドス・パロス
GN5343858	ダウニー
GN5344359	ダーラム
GN5344994	イーストロサンゼルス
GN5345032	イーストパロアルト
GN5345529	エル・カホン
GN5345609	エル・セントロ
GN5345623	エルサリート
GN5345743	エル・モンテ
GN5345860	エルセガンド
GN5345888	エルソブランテ
GN5346111	エルクグローブ
GN5346462	エメリービル
GN5346649	エンシノ
GN5346827	エスコンディード
GN5347239	エクセター
GN5347335	フェアフィールド
GN5349755	フォンタナ
GN5350039	フォート・ブラッグ
GN5350159	フォスターシティ
GN5350207	ファウンテン・バレー
GN5350351	ファウラー
GN5350734	フリーモント
GN5350937	フレズノ
GN5351247	フラートン
GN5351515	ガーデングローブ
GN5351549	ガーデナ
GN5352214	ギルロイ
GN5352423	グレンデール
GN5352963	ゴリータ
GN5353775	グラスバレー
GN5354172	グリーンフィールド
GN5354819	カリフォルニア州
GN5354943	ハーフ・ムーン・ベイ
GN5355180	ハンフォード
GN5355782	ハワイアン・ガーデンズ
GN5355828	ホーソーン
GN5355933	ヘイワード
GN5356012	ヒールスバーグ
GN5356451	ハーキュリーズ
GN5356521	ハーモサビーチ
GN5357499	ホリスター
GN5357527	ハリウッド
GN5357598	ホルトヴィル
GN5358539	ヒューソン
GN5358705	ハンティントンビーチ
GN5358736	ハンティントン・パーク
GN5358769	ヒューロン
GN5359052	インペリアル
GN5359426	インディアンウェルズ
GN5359446	インディオ
GN5359488	イングルウッド
GN5359777	アーバイン
GN5359864	アイラビスタ
GN5362849	ケンジントン
GN5362909	カーマン市
GN5363922	ラ・アブラ
GN5363925	ラ・ハブラ・ハイツ
GN5363943	ラホヤ
GN5363990	ラメサ
GN5364022	ラ・パルマ
GN5364226	ラファイエット
GN5364275	ラグナ・ビーチ
GN5364369	ラグーナ・ウッズ
GN5364414	レイク・アローヘッド
GN5364514	レイクフォレスト
GN5364855	レイクウッド
GN5364940	ランカスター
GN5365113	ラークスパー
GN5365893	レモン・グローヴ
GN5365918	リムーア
GN5366375	リンカーン
GN5366604	リンジー
GN5367315	ライブオーク
GN5367427	リビングストン
GN5367440	リヴァモア
GN5367565	ローダイ
GN5367696	ロマリンダ
GN5367767	ロミータ
GN5367788	ロンポク
GN5367929	ロングビーチ
GN5368304	ロス・アラミトス
GN5368335	ロスアルトス
GN5368361	ロサンゼルス
GN5368453	ロスバノス
GN5369150	ルサーンバレー
GN5369367	リンウッド
GN5369568	マデラ
GN5370082	マンハッタンビーチ
GN5370164	マンテカ
GN5370542	マリナ・デル・レイ
GN5370868	マーティネズ
GN5370984	メアリーズビル
GN5371261	メイウッド
GN5372190	メンドータ
GN5372223	メンロー・パーク
GN5372253	マーセド
GN5373121	ミルバレー
GN5373327	ミルピタス
GN5373492	マイラ・ローマ
GN5373763	ミッションビエホ
GN5373900	モデスト
GN5374175	モンロヴィア
GN5374232	モントクレア
GN5374322	モンテベロ
GN5374340	モンテシート
GN5374361	モントレー
GN5374648	ムーアパーク
GN5374671	モラガ
GN5374732	モレノバレー
GN5374764	モーガンヒル
GN5375480	マウンテンビュー
GN5375911	マリエータ
GN5375938	サンバーナーディーノ
GN5376095	ナパ
GN5376200	ナショナルシティ
GN5376803	ニューアーク
GN5377995	ノーウォーク
GN5378044	ノバト
GN5378408	オーク・パーク
GN5378538	オークランド
GN5378566	オークレー
GN5378763	オセアノ
GN5378771	オーシャンサイド
GN5378880	オーハイ
GN5379439	オンタリオ
GN5379513	オレンジ
GN5379678	オリンダ
GN5379698	オーランド
GN5379759	オーロビル
GN5380184	オックスナード
GN5380437	パシフィック・グローブ
GN5380571	パレルモ
GN5380626	パームデザート
GN5380668	パームスプリングス
GN5380698	パームデール
GN5380748	パロアルト
GN5381002	パラダイス
GN5381396	パサデナ
GN5381438	パソロブレス
GN5381515	パターソン
GN5382146	ペリス
GN5382232	ペタルーマ
GN5382496	ピコリベラ
GN5382514	ピードモント
GN5383187	ピノール
GN5383431	ピズモビーチ
GN5383465	ピッツバーグ
GN5383559	プラサービル
GN5383720	プレザントヒル
GN5384133	ポロック・パインズ
GN5384170	ポモナ
GN5384471	ポータービル
GN5384690	パウエイ
GN5385793	ラモーナ
GN5385941	ランチョ・コードヴァ
GN5385955	ランチョクカモンガ
GN5386082	ランチョサンタマルガリータ
GN5386754	レッドランズ
GN5386785	レドンドビーチ
GN5386834	レッドウッドシティ
GN5386984	リードリー
GN5387288	リアルト
GN5387428	リッチモンド
GN5387494	リッジクレスト
GN5387877	リバーサイド
GN5388564	ロナートパーク
GN5388881	ローズヴィル
GN5389489	サクラメント
GN5390267	セントヘレナ
GN5391295	サリナス
GN5391710	サンバーナーディーノ
GN5391760	サンカルロス
GN5391811	サンディエゴ
GN5391891	サンディマス
GN5391945	サンフェルナンド
GN5391959	サンフランシスコ
GN5392034	サン・ガブリエル
GN5392090	サンジャシント
GN5392171	サンノゼ
GN5392229	サンフアンキャピストラーノ
GN5392263	サンレアンドロ
GN5392281	サンノレンゾ
GN5392323	サンルイスオビスポ
GN5392368	サンマルコス
GN5392400	サン・マリノ
GN5392423	サンマテオ
GN5392508	サンパブロ
GN5392528	サンペドロ
GN5392567	サンラフェル
GN5392593	サンラモン
GN5392900	サンタアナ
GN5392952	サンタバーバラ
GN5393015	サンタクララ
GN5393049	サンタクラリタ
GN5393052	サンタクルーズ
GN5393180	サンタ・マリア
GN5393212	サンタモニカ
GN5393245	サンタ・ポーラ
GN5393287	サンタローザ
GN5393485	サラトガ
GN5393611	サウサリート
GN5393701	ソウテル
GN5393971	スコッツ・ヴァレー
GN5394136	シーサイド市
GN5394165	セバストポル
GN5394842	シャフター
GN5395622	シエラ・マドレ
GN5395754	シグナル・ヒル
GN5396003	シミバレー
GN5397018	ソレダド
GN5397059	ソルバング
GN5397095	ソノマ
GN5397376	サウスエルモンテ
GN5397603	サウスゲイト
GN5397664	サウス・レイク・タホ
GN5397717	サウス・パサディナ
GN5397765	サウスサンフランシスコ
GN5398563	スタンフォード
GN5398630	スタントン
GN5399020	ストックトン
GN5400075	サニーベール
GN5400877	タフト
GN5401297	テハチャピ
GN5401395	テメキュラ
GN5401469	テンプル市
GN5401516	テンプルトン
GN5402405	サウザンドオークス
GN5403022	トーランス
GN5403191	トレイシー
GN5403676	トラッキー
GN5403783	トゥーレアリ
GN5404024	ターロック
GN5404476	ユカイア
GN5404915	アップランド
GN5405380	ヴァレーホ
GN5405841	ヴェニス
GN5405878	ベンチュラ
GN5406222	ヴィクターヴィル
GN5406337	ヴィラ・パーク
GN5406567	バイセイリア
GN5406602	ビスタ
GN5406990	ウォールナット・クリーク
GN5407529	ワトソンビル
GN5407933	ウェストコビーナ
GN5408076	ウェスト・ハリウッド
GN5408395	ウェストレイクビレッジ
GN5409059	ウィッティア
GN5409768	ウィロー・ブルック
GN5409777	ウィローズ
GN5410004	ウィンザー
GN5410125	ウィンターズ
GN5410144	ウィントン
GN5410430	ウッドランド
GN5410902	ヨーバ・リンダ
GN5411015	ユバシティ
GN5411046	ユカイパ
GN5412199	アーバダ
GN5412230	アスペン
GN5412347	オーロラ
GN5412500	ベイリー
GN5416541	センテニアル
GN5417598	コロラドスプリングス
GN5417657	コロンバイン
GN5419384	デンバー
GN5420241	デュランゴ
GN5421250	エングルウッド
GN5423075	グレンデール
GN5423092	グレンウッド・スプリングス
GN5423573	グランドジャンクション
GN5427771	ラファイエット
GN5427946	レイクウッド
GN5429208	ローン・トゥリー
GN5435464	プエブロ
GN5441492	ソーントン
GN5442007	トリニダード
GN5443910	ウェストミンスター
GN5444689	ウッドランドパーク
GN5445298	ドッジシティ
GN5454627	アラモゴード
GN5454711	アルバカーキ
GN5456049	アズテック
GN5456975	ベレン
GN5457198	ベルナリオ
GN5460459	カールズバッド
GN5462393	クローヴィス
GN5464806	デミング
GN5469841	グランツ
GN5475352	ラスクルーセス
GN5475433	ラスベガス
GN5476825	ロスアラモス
GN5476913	ロスルナス
GN5477090	ラヴィングトン
GN5484874	ポーテイルズ
GN5486795	ラトン
GN5488441	ロズウェル
GN5488598	ルイドソ
GN5490263	サンタフェ
GN5491288	シップロック（ニューメキシコ州）
GN5491487	シルヴァーシティ
GN5491999	ソコロ
GN5493403	サンランドパーク
GN5493811	タオス
GN5495292	トゥルース・オア・コンシクエンシーズ
GN5495360	トゥクムカリ
GN5497876	ホワイトロック
GN5499004	ズニ
GN5500539	ボールダーシティー
GN5501344	カーソンシティ
GN5503766	エンタープライズ
GN5504468	ガードナーヴィル
GN5505411	ヘンダーソン
GN5506956	ラスベガス
GN5508180	メスキート
GN5509403	ノースラスベガス
GN5509952	パラダイス
GN5511077	リノ
GN5512909	スプリングバレー
GN5513307	サンバレー
GN5513343	サンライズマナー
GN5515110	ホイットニー
GN5515345	ウィンチェスター
GN5516233	アマリロ
GN5517469	ボージャー
GN5520076	デル・リオ
GN5520993	エル・パソ
GN5525577	ラボック
GN5526337	ミッドランド
GN5527554	オデッサ
GN5530022	サンアンジェロ
GN5536630	シーダーシティ
GN5543307	モアブ
GN5545269	プライス
GN5550368	ワスコ
GN5551535	アパッチ・ジャンクション
GN5552301	エイボンデール
GN5554072	ジュノー
GN5554428	ケチカン
GN5557293	シトカ
GN5558857	アンダーソン
GN5558953	アーケータ
GN5562087	クレセントシティ
GN5563397	ユーレカ
GN5563839	フォーチュナ
GN5570065	レッドブラフ
GN5570160	レディング
GN5572400	スーザンビル
GN5574093	ワイリーカ
GN5574991	ボルダー
GN5577147	フォート・コリンズ
GN5577592	グリーリー
GN5579276	ロングモント
GN5586093	ブラックフット
GN5586437	ボイシ
GN5587698	コールドウェル
GN5588842	チャバック
GN5589173	コー・ダリーン
GN5591778	イーグル（アイダホ州）
GN5596475	アイダホフォールズ
GN5598538	ルイストン
GN5600685	メリディアン
GN5601538	モスコー
GN5601933	ナンパ
GN5604045	ポカテッロ
GN5604353	アイダホ州
GN5610810	ツインフォールズ
GN5637146	アナコンダ
GN5640350	ビリングス
GN5641727	ボーズマン
GN5642934	ビュート
GN5655240	グレートフォールズ
GN5656882	ヘレナ
GN5660340	カリスペル
GN5661766	ローレル
GN5666639	ミズーラ
GN5686121	ホワイトフィッシュ
GN5688025	ビスマーク
GN5690532	マイノット
GN5699404	スコッツブラフ
GN5710756	オールバニ
GN5711099	アロア
GN5711789	アシュランド
GN5711847	アストリア
GN5712169	ベーカーシティ
GN5713376	ビーバートン
GN5713587	ベンド
GN5715905	ブルッキングズ
GN5717758	キャンビー
GN5718480	シーダーヒルズ
GN5718492	シーダーミル
GN5718601	セントラル・ポイント
GN5720495	クーズベイ
GN5720639	コーネリアス
GN5720727	コーバリス
GN5720755	コテージグローブ
GN5725846	ユージン
GN5726018	フェアビュー
GN5727032	フローレンス
GN5727190	フォレストグローヴ
GN5729485	グレシャム
GN5730183	ハッピーバレー
GN5731070	ハーミストン
GN5731371	ヒルズボロ
GN5732763	インディペンデンス
GN5734711	カイザー
GN5735238	クラマスフォールズ
GN5735537	ラグランド
GN5735724	レイク・オスウィーゴ
GN5736218	レバノン
GN5736645	リンカーンシティ
GN5738690	マドラス
GN5740099	メドフォード
GN5740900	ミルウォーキー
GN5741182	モラーラ
GN5741227	モンマス
GN5742726	ニューバーグ
GN5742750	ニューポート
GN5742974	ノースベンド
GN5744166	オンタリオ
GN5744253	オレゴンシティ
GN5746545	ポートランド
GN5746901	プラインビル
GN5747420	ローリー・ヒルズ
GN5747882	レドモンド
GN5749352	ローズバーグ
GN5750162	セイラム
GN5750477	サンディ
GN5750984	シーサイド
GN5754005	スプリングフィールド
GN5756758	タイガード
GN5757506	テュアラティン
GN5758052	ユマティラ
GN5760009	ウェストリン
GN5761708	ウッドバーン
GN5767918	ピア
GN5768233	ラピッドシティ
GN5769288	サウスダコタ州
GN5769489	スタージス
GN5770732	アルパイン
GN5772581	シーダー・ヒルズ
GN5772959	クリアフィールド
GN5773001	クリントン
GN5774685	ファー・ウェスト
GN5775035	フルート・ハイツ
GN5775615	ハリスヴィル
GN5775782	ヘリマン
GN5775863	ハイランド
GN5776092	フーパー
GN5776715	ケイズビル
GN5777332	リンドン
GN5777544	ローガン
GN5778352	ミルクリーク
GN5779068	ノース・ソルト・レイク
GN5779206	オグデン
GN5779334	オレム
GN5779451	パークシティ
GN5779798	プレーン・シティ
GN5779816	プレザントグロウブ
GN5779833	プレザント・ヴュー
GN5780026	プロボ
GN5780699	ローズヴェルト
GN5780993	ソルトレイクシティ
GN5781993	スプリングビル市
GN5782320	サンセット
GN5782391	シラキュース
GN5784504	ウェスト・バウンティフル
GN5784540	ウェスト・ヘイヴン
GN5784549	ウェストジョーダン
GN5784580	ウェスト・ポイント
GN5784607	ウェストバレーシティ
GN5785243	アバディーン
GN5785378	エアウェイ・ハイツ
GN5785657	アナコルテス
GN5785868	アーリントン
GN5785965	オーバーン
GN5786485	バトルグラウンド
GN5786882	ベルビュー
GN5786899	ベリンハム
GN5787475	ブレイン
GN5787829	ボセル
GN5788054	ブレマートン
GN5788516	ベリアン
GN5788539	バーリントン
GN5788822	キャマス
GN5789683	セントラリア
GN5789856	チーニー
GN5790562	カレッジプレイス
GN5790971	モルトビー
GN5791159	コビントン
GN5792244	デ・モイン
GN5793271	イーストワナッチー
GN5793427	エドモンズ
GN5793639	エレンズバーグ
GN5793822	イーナムクロー
GN5793933	エバレット
GN5794245	フェデラルウェイ
GN5794276	ファーンデイル
GN5794328	ファイチ
GN5795440	ギグ・ハーバー
GN5795969	グランドビュー
GN5798487	イサクア
GN5799571	ケルソー
GN5799587	ケンモア
GN5799610	ケニウィック
GN5799625	ケント
GN5799841	カークランド
GN5800112	レイシー
GN5800227	レイクフォレストパーク
GN5800317	レイクスティーブンス
GN5800420	レイクウッド
GN5801617	ロングビュー
GN5802035	リンデン
GN5802049	リンウッド
GN5802236	コテージレイク
GN5802340	メイプルバレー
GN5802570	メアリーズビル
GN5803139	マーサーアイランド
GN5803457	ミルクリーク
GN5803556	ミルトン
GN5803786	モンロー
GN5803990	モーゼスレイク
GN5804127	マウントバーノン
GN5804191	マウントレイクテラス
GN5804306	ムキルテオ
GN5805441	オークハーバー
GN5805687	オリンピア
GN5805879	オテロ
GN5806298	パスコ
GN5807212	ポートエンジェルス
GN5807236	ポートオーチャード
GN5807337	ポールスボー
GN5807487	プロッサー
GN5807540	プルマン
GN5807575	ピュアラップ
GN5808079	レドモンド
GN5808189	レントン
GN5808276	リッチランド
GN5809402	サマミッシュ
GN5809805	シータック
GN5809844	シアトル
GN5809902	セドロウーリー
GN5809928	セーラ
GN5809983	スクイム
GN5810176	シェルトン
GN5810301	ショアライン
GN5810988	スノホミッシュ
GN5811696	スポーケン
GN5811729	スポケーン・ヴァレー
GN5812543	ワシントン州サムナー
GN5812604	サニーサイド
GN5812944	タコマ
GN5813747	トッペニッシュ
GN5814043	タックウィラ
GN5814095	タムウォーター
GN5814450	ユニバーシティプレース
GN5814616	バンクーバー
GN5814916	ワラワラ
GN5815136	ワシューガル
GN5815342	ワナッチー
GN5815599	ウェストリッチランド
GN5816320	ベインブリッジアイランド
GN5816449	ウッディンビル
GN5816605	ヤキマ
GN5820705	キャスパー
GN5821086	シャイアン
GN5821593	コーディ
GN5824805	エバンストン
GN5826027	ジレット
GN5826559	グリーン・リバー
GN5830062	ララミー
GN5835606	パウエル
GN5836898	ロックスプリングス
GN5844096	アメリカン・フォーク
GN5847411	カフルイ
GN5847486	カイルア
GN5847504	カイルア・コナ
GN5849996	ラハイナ
GN5850248	リフエ
GN5850511	マカハリッジ
GN5850616	マカワオ
GN5851349	ナナクリ
GN5852697	プカラニ
GN5853992	ワヒアワ
GN5854450	ワイレア
GN5854530	ワイマル
GN5854571	ワイメア
GN5854686	ワイパフ
GN5854717	ワイピオ
GN5855073	エワビレッジ
GN5855252	ハイク
GN5855319	ハラワ
GN5855809	ハワイアンパラダイスパーク
GN5855927	ヒロ
GN5856195	ホノルル
GN5856430	アイエア
GN5856516	アフイマヌ
GN5861187	イーグルリバー
GN5861897	フェアバンクス
GN5864145	ホーマー
GN5866063	キナイ
GN5866583	コディアック
GN5871146	パーマー
GN5877641	ワシラ
GN5879400	アンカレッジ
GN5880568	ベセル
GN5881791	アボッツフォード
GN5882873	エイジャックス
GN5884051	アリストン
GN5886586	アービュートスリッジ
GN5886971	アームデール
GN5887214	アーンプライアー
GN5888377	オーロラ
GN5892532	バンフ
GN5894171	バリー
GN5896522	ビゥモント
GN5897884	ベルビル
GN5906267	ブーシャーヴィル
GN5907092	ブレイスブリッジ
GN5907364	ブランプトン
GN5907896	ブランドン
GN5907990	ブラントフォード
GN5909294	ブロックビル
GN5909629	ブロサード
GN5911592	バーリントン
GN5911606	バーナビー
GN5913414	カレドン
GN5913490	カルガリー
GN5913695	ケンブリッジ
GN5914132	キャンベルリバー
GN5920288	シャーロットタウン
GN5924614	コクレーン
GN5925024	コールド・レイク
GN5927690	コキットラム
GN5927969	コーナーブルック
GN5928065	コーンウォール
GN5935277	ダートマス
GN5935341	ドーファン
GN5937522	デルハイ
GN5937615	デルタ
GN5939219	ディエップ
GN5942798	ドラムヘラー
GN5942845	ドラモンビル
GN5946768	エドモントン
GN5947866	エリオットレイク
GN5949568	エステヴァン
GN5955815	フォートエリー
GN5955826	フォートフランシス
GN5955895	フォートマクマレー
GN5957776	フレデリクトン
GN5959335	ガンダー
GN5959878	ガスペ
GN5959974	ガティノー
GN5960533	ジョージタウン
GN5962442	ゴドリッチ
GN5964700	サドバリー
GN5965546	グレイブンハースト
GN5967149	グリムスビー
GN5967629	ゲルフ
GN5969782	ハミルトン
GN5978765	ハンツビル
GN5983720	イカルイト
GN5989045	カムループス
GN5990579	ケロウナ
GN5991055	ケノーラ
GN5992500	キングストン
GN5992996	キッチナー
GN5993123	キッツラーノ
GN6035615	ラクーム
GN6049429	ラングリー
GN6050610	ラヴァル
GN6051562	レドゥク
GN6052788	レ・コトー
GN6053154	レスブリッジ
GN6054350	リンジー
GN6058560	ロンドン
GN6059891	ロンゲール
GN6064180	マゴグ
GN6065686	メイプルリッジ
GN6066513	マーカム
GN6071421	メドウレイク
GN6071618	メディシン・ハット
GN6074377	ミルトン
GN6075357	ミシサガ
GN6076211	モンクトン
GN6077243	モントリオール
GN6077445	モントランブラン
GN6078447	モーデン
GN6085772	ナナイモ
GN6086871	ネルソン
GN6087701	ニューマーケット
GN6087844	ニューウエストミンスター
GN6087892	ナイアガラフォールズ
GN6087905	ナイアガラオンザレイク
GN6089426	ノースベイ
GN6090785	ノースバンクーバー
GN6092122	オークビル
GN6094325	オリリア
GN6094578	オシャワ
GN6094817	オタワ
GN6095645	オーウェンサウンド
GN6098747	パリーサウンド
GN6101546	パース
GN6101645	ピーターボロ
GN6104111	ピカリング
GN6105815	ピットメドウズ
GN6111529	ポーティッジ・ラ・プレーリー
GN6111704	ポートコルボーン
GN6111706	ポートコキットラム
GN6111962	ポートムーディ
GN6113335	プリンス・アルバート
GN6113406	プリンスルパート
GN6115355	クインテウエスト
GN6118158	レッドディア
GN6119109	レジャイナ
GN6119448	レンフルー
GN6122085	リッチモンド
GN6122091	リッチモンドヒル
GN6128033	ローゼイ
GN6137270	サグネ
GN6137702	サンタガット・デ・モン
GN6138517	セントジョン
GN6141190	サーニア
GN6141256	サスカトゥーン
GN6141439	スーセントマリー
GN6144054	セルカーク
GN6145489	シャウィニガン
GN6146143	シェルブルック
GN6146279	シャーウッドパーク
GN6155721	セントキャサリンズ
GN6156102	シュタインバッハ
GN6157977	ストラトフォード
GN6158357	セントトーマス
GN6159905	サレー
GN6160603	スウィフトカレント
GN6162659	ティミスカミングショアーズ
GN6165406	トンプソン
GN6165719	ソロルド
GN6166142	サンダーベイ
GN6166739	ティミンズ
GN6167865	トロント
GN6169141	トロワリビエール
GN6173331	バンクーバー
GN6173404	ヴァニエ
GN6173577	ヴォーン
GN6174041	ビクトリア
GN6174151	ビクトリアビル
GN6176823	ウォータールー
GN6177869	ウェランド
GN6178582	ウエストエンド
GN6179226	ウエストマウント
GN6179343	ウエストポイントグレイ
GN6179602	ウェタスキウィン
GN6179652	ウェーバーン
GN6180144	ウィスラー
GN6180170	ウィットビー
GN6180550	ホワイトホース
GN6180961	ホワイトロック
GN6182962	ウインザー
GN6183204	ウィンクラー
GN6183235	ウィニペグ
GN6184365	ウッドストック
GN6185377	イエローナイフ
GN6185607	ヨークトン
GN6204696	クイーンズタウン
GN6207905	アレクサンドラ
GN6215045	オマルー
GN6217081	アシュバートン
GN6223846	ストラトフォード
GN6230919	ファンガレイ
GN6232192	ニュー・リン
GN6232305	レムエラ
GN6241325	ロトルア
GN6243926	ブレナム
GN6244895	アッパーハット
GN6295587	バタム島
GN6301965	パーマストン
GN6324583	阿蘇
GN6324621	ポワイ
GN6324729	ハリファックス
GN6324733	セントジョンズ
GN6325494	ケベック・シティー
GN6325521	レヴィ
GN6331911	ヘレナ＝ウェストへレナ
GN6332428	スパニッシュ・ハーレム
GN6354908	シドニー
GN6355127	コスタ・テギセ
GN6417759	堀越
GN6419326	辰巳
GN6419355	勝どき
GN6534227	モンテ・アルジェンターリオ
GN6534246	ブッセロ
GN6534921	ゴルラ・ミノーレ
GN6535756	タヴェルネーリオ
GN6543862	ヴィルヌーヴ＝ダスク
GN6544099	モンクロア＝アラバカ
GN6544100	アシャンプラ
GN6544104	サンツ・ムンジュイック
GN6544106	シウタ・ベリャ
GN6544327	コスタ・カルマ
GN6544487	アルガンスエラ
GN6544489	ラティーナ
GN6544491	サラマンカ
GN6544492	チャンベリ
GN6544493	カラバンチェル
GN6544495	レティーロ
GN6544577	ゴシック
GN6545023	エドモンストン
GN6545170	メリルボーン
GN6545173	ソーホー
GN6545243	ベイズウォーター
GN6545249	ピムリコ
GN6545250	ランベス
GN6559506	クラン＝モンタナ
GN6615507	セント・ジェームズ
GN6615536	レ・ジュリス
GN6619347	ナビムンバイ
GN6620339	カラータ
GN6621338	クレムジグ
GN6621344	プッタパルティ
GN6640032	ブライアーウッド
GN6690805	エルム・パーク
GN6690863	ホーンチャーチ
GN6690869	チャドウェル・ヒース
GN6690877	ブリクストン
GN6691609	伊方越
GN6691616	鬼北町
GN6691640	ランシー
GN6692280	カナリー・ワーフ
GN6692921	レイトンストーン
GN6693937	クリスタル・パレス
GN6694210	ノインキルヒェン・アム・ブラント
GN6694821	南砺
GN6695248	ボワシャテル
GN6696259	バサースト
GN6696918	桃園市
GN6697039	バサウリ
GN6697563	寝屋川市
GN6698269	尾張旭
GN6698373	チェルムスリー・ウッド
GN6822096	ひたちなか市
GN6822097	筑西
GN6822098	かすみがうら
GN6822099	土浦
GN6822100	つくばみらい
GN6822101	小美玉
GN6822102	常陸大宮
GN6822103	神栖
GN6822104	行方
GN6822105	桜川
GN6822106	坂東
GN6822107	常陸太田
GN6822108	稲敷市
GN6822109	新富
GN6822111	安曇野
GN6822112	千曲
GN6822113	村山
GN6822114	南足柄
GN6822115	栗東
GN6822116	高島
GN6822117	甲賀
GN6822119	葛城
GN6822120	香芝
GN6822122	宇陀
GN6822123	南砺
GN6822124	小矢部
GN6822125	射水町
GN6822126	黒部
GN6822128	海老名
GN6822129	多摩
GN6822130	武蔵村山
GN6822132	昭島
GN6822136	東大和
GN6822137	三郷
GN6822138	新座
GN6822139	砺波
GN6822140	かほく
GN6822141	加賀
GN6822142	珠洲
GN6822143	能美
GN6822144	松浦
GN6822146	大野城市
GN6822147	春日
GN6822148	会津若松
GN6822149	南相馬
GN6822152	浦添
GN6822153	うるま
GN6822154	常総
GN6822155	みどり
GN6822157	久米島
GN6822158	宮古島
GN6822159	ふじみ野
GN6822161	日高
GN6822162	東松山
GN6822163	入間市
GN6822164	北本
GN6822165	鶴ヶ島
GN6822167	匝瑳
GN6822168	山武
GN6822169	相馬
GN6822170	田村
GN6822171	紀の川
GN6822172	熊野
GN6822173	いなべ
GN6822174	那須塩原
GN6822175	下野
GN6822176	那須烏山
GN6822177	東御
GN6822178	駒ヶ根
GN6822179	印西
GN6822180	いすみ
GN6822182	八千代
GN6822184	奧州
GN6822185	陸前高田
GN6822186	八幡平
GN6822187	二戸
GN6822188	大崎
GN6822189	東松島
GN6822190	栗原
GN6822191	伊豆の国
GN6822192	伊豆
GN6822193	菊川
GN6822194	湖西
GN6822195	裾野
GN6822196	御前崎
GN6822198	にかほ
GN6822199	大仙
GN6822201	男鹿
GN6822202	由利本荘
GN6822203	潟上
GN6822204	北秋田
GN6822205	つがる
GN6822206	平川
GN6822207	十和田
GN6822208	北名古屋
GN6822209	日進
GN6822210	豊明
GN6822211	知多
GN6822212	愛西
GN6822213	山県
GN6822214	羽島
GN6822215	海津
GN6822216	可児
GN6822217	美濃加茂
GN6822218	本巣
GN6822219	郡上
GN6822220	恵那
GN6822223	南城
GN6822224	中城
GN6822225	八重瀬
GN6825489	上越市
GN6825490	南魚沼
GN6825491	妙高
GN6825492	佐渡
GN6825493	胎内
GN6825494	魚沼
GN6825495	藤井寺
GN6825496	羽曳野
GN6825497	阪南
GN6825498	河内長野
GN6825499	狭山
GN6825500	泉南
GN6825501	四條畷
GN6862586	北斗
GN6930127	バイロ・アルト
GN6930887	サイバージャヤ
GN6940394	さいたま
GN6941014	ポンタ・デルガダ
GN6941039	ケンサル・グリーン
GN6941080	フォート ブラッグ
GN6943577	フォーティテュード・ヴァリー
GN6954929	グレーター・ノイダ
GN6957263	カポレイ
GN6986104	中山
GN7001398	南山区
GN7257540	ブレインツリー
GN7257805	チェシャー・ヴィレッジ
GN7257909	フォート・ミード
GN7257953	アシュトン＝サンディー・スプリング
GN7258794	ケネディ・タウンシップ
GN7258897	ルーザーヴィル＝ティモニウム
GN7259265	フォート・レオナード・ウッド
GN7259621	ウェスト・ブルームフィールド
GN7260806	アーデンアーケード
GN7261268	フローレンス＝グレアム
GN7261441	ヒルマー＝アーウィン
GN7261553	ラ・クレセンタ＝モントローズ
GN7262349	ワイドフィールド
GN7262697	ハイクパウウェラ
GN7262761	マカキロ
GN7262790	スコーフィールド・バラックス
GN7279570	東村山市
GN7281819	富士河口湖町
GN7281840	パラマッタ
GN7281936	ウェストケロウナ
GN7284571	アイスレーベン
GN7289169	トリシティズ
GN7289614	ハレ＝ノイシュタット
GN7303003	八幡浜
GN7303138	霧島
GN7303145	奄美
GN7303471	嵐山
GN7303783	シドニー・マインズ
GN7315230	ホライズン・ウェスト
GN7315245	イーストホノルル
GN7315246	オーシャンポイント
GN7315263	サマーフィールド
GN7315293	イースト・フランクリン
GN734077	テッサロニキ
GN734330	セレス
GN734405	ペフカ
GN734517	ポリギロス
GN734538	ポリフニ
GN734643	ピレア
GN735481	ラガダス
GN735640	コモティニ
GN735764	ホルティアティス
GN735861	カヴァラ
GN735927	カストリア
GN736166	グメニサ
GN736296	エフカルピア
GN736337	エレフテレス
GN737022	ゾングルダク
GN738025	ヤロヴァ
GN738251	ウズンキョプリュ
GN738648	トラブゾン
GN738743	トカット
GN738927	テキルダー
GN739600	スィノプ
GN740264	サムスン
GN740430	サフランボル
GN740483	リゼ
GN741100	オルドゥ
GN7422816	太宰府
GN7424125	天草
GN743166	クルクラーレリ
GN743882	カスタモヌ
GN743952	カルス
GN744562	カラビュック
GN745026	イズニク
GN745028	イズミット
GN745044	イスタンブール
GN7451505	会津美里町
GN745530	ホパ
GN746425	ギュムシュハネ
GN746881	ギレスン
GN746983	ゲリボル
GN747014	ゲブゼ
GN747712	エディルネ
GN747764	デュズジェ
GN748879	チョルム
GN749748	チャンクル
GN749780	チャナッカレ
GN750269	ブルサ
GN750516	ボル
GN750598	ビレジク
GN750938	バイブルト
GN751057	バルトゥン
GN751817	アルトヴィン
GN751952	アルダハン
GN752015	アマスィヤ
GN7522199	池袋
GN7522490	六本木
GN752850	アダパザル
GN7536026	リオビスタ
GN7576887	賀州市
GN7601921	中興新村
GN7626690	ピンプリ・チンチワッド
GN7645176	ジラ
GN7778986	フォートレスヒル
GN7932379	ハーフェンシティ
GN7932629	バルウィン・ノース
GN8051091	フェーマルン島
GN8096217	イーストベール
GN8183916	里畑
GN8198709	豊前
GN8223932	中環
GN8223971	カットゥマンナルコイル
GN8224580	ペッカム
GN8260172	ウェストグリニッジ
GN8285535	ビリャ・デ・バリェカス
GN8299578	ベルモント
GN8312044	柴山
GN8312260	博労町
GN8313520	仲神
GN8315400	ハロウェイ
GN8347664	オルドス市
GN8348930	ロビーナ
GN8395439	豊田
GN8400694	台州市
GN8432290	ダポリホ
GN8436572	サウスキングスタウン
GN8456741	ライチャウ
GN8469284	葛飾区
GN8469285	北区
GN8469289	大田区
GN8469294	ノートルダム
GN8469788	ドバイマリーナ
GN8476318	鶴田
GN8504423	スバン・ジャヤ
GN8505006	文山市
GN8512140	田舎舘
GN8527821	南田
GN8531735	フーコック島
GN8531960	リンカーン
GN8533133	六盤水市
GN8533869	ウェストバンクーバー
GN8537264	黄岡
GN8561397	七区
GN8570265	新田
GN8571652	冬木
GN8572218	鷲宮
GN8572291	指扇
GN8572754	貫井
GN8572758	東伏見
GN8572855	境
GN8572879	大泉学園町
GN8572880	大泉町
GN8572883	光が丘
GN8572884	平和台
GN8572885	氷川台
GN8572886	桜台
GN8572938	関町南
GN8572942	舟渡
GN8572943	志村
GN8572948	赤塚
GN8572949	成増
GN8572984	高島平
GN8572985	蓮根
GN8572992	浮間
GN8572994	豊島
GN8573184	長崎
GN8573188	巣鴨
GN8573477	四谷
GN8573523	鷺宮
GN8573526	沼袋
GN8573531	笹塚
GN8573533	初台
GN8573577	上井草
GN8573717	下井草
GN8573723	永福
GN8576449	若林
GN8576451	豪徳寺
GN8576453	用賀
GN8576480	中延
GN8576482	荏原
GN8576501	中目黒
GN8576507	池上
GN8576625	登戸
GN8576668	百合丘
GN8576683	青葉台
GN8594709	タインフォバリア
GN8601397	伊仙
GN8601548	徳和瀬
GN8604581	三朝
GN8604658	富士見町
GN8604660	忍野村
GN8604682	ジョンストン
GN8611025	餅原
GN8629640	トゥーットゥックディ
GN8630153	白馬村
GN8637813	ゲン
GN8644195	ドラペツォナ
GN8651153	西田
GN8659953	丸尾原
GN8660185	川津筏場
GN8662902	中島
GN8672343	越
GN8675224	上竹田
GN8701253	アユンパ
GN8715035	中野
GN8716504	助川
GN8741036	チャールトン
GN8991674	谷地小屋
GN8992021	下松本
GN8992027	泉崎
GN8992041	北須釜
GN8992293	岳温泉
GN8992454	山木屋
GN8996511	水無
GN8997515	弥五島
GN9009219	北方
GN9015407	小竹
GN9016112	上糸田
GN9017898	山隈
GN9035859	トラコマケドネス
GN9072919	日照市
GN9120296	中山
GN9120324	平穏
GN9127236	森下
GN9181182	濮陽市
GN9183312	広馬場
GN9188982	大輪
GN9190392	小倉
GN9191293	植竹
GN9191703	長瀞
GN9192643	山田
GN9192873	大串
GN9197266	奥野
GN9197267	矢上
GN9199689	平木
GN9277769	余野
GN9277789	大里
GN9287951	太子
GN9288247	加納
GN9289915	新今里
GN9290061	肝川
GN9291610	東中
GN9291689	糸川
GN9291715	西野
GN9633009	結崎
GN9633045	伴堂
GN9633084	疋相
GN9633110	上牧
GN9633120	高塚台
GN9633180	立野北
GN9633186	福貴
GN9634762	菅井
GN9635322	佐山
GN9636636	立川
GN9636928	井出
GN9638518	青山羽根
GN9640343	崎
GN9815399	峰浜目名潟
GN9865313	飯島
GN9883562	オリベンサ
GN9888197	山田
GN9888360	片縄
GN9889353	諸浦
GN9890410	東郷
GN9891071	石動
GN9891099	坊所
GN9891157	中津隈
GN9891173	園部
GN9891404	八町牟田
